filename,label
fall_0001,1
fall_0002,1
fall_0003,1
fall_0004,1
fall_0005,1
fall_0006,1
fall_0007,1
fall_0008,1
fall_0009,1
fall_0010,1
fall_0011,1
fall_0012,1
fall_0013,1
fall_0014,1
fall_0015,1
fall_0016,1
fall_0017,1
fall_0018,1
fall_0019,1
fall_0020,1
fall_0021,1
fall_0022,1
fall_0023,1
fall_0024,1
fall_0025,1
fall_0026,1
fall_0027,1
fall_0028,1
fall_0029,1
fall_0030,1
fall_0031,1
fall_0032,1
fall_0033,1
fall_0034,1
fall_0035,1
fall_0036,1
fall_0037,1
fall_0038,1
fall_0039,1
fall_0040,1
fall_0041,1
fall_0042,1
fall_0043,1
fall_0044,1
fall_0045,1
fall_0046,1
fall_0047,1
fall_0048,1
fall_0049,1
fall_0050,1
fall_0051,1
fall_0052,1
fall_0053,1
fall_0054,1
fall_0055,1
fall_0056,1
fall_0057,1
fall_0058,1
fall_0059,1
fall_0060,1
fall_0061,1
fall_0062,1
fall_0063,1
fall_0064,1
fall_0065,1
fall_0066,1
fall_0067,1
fall_0068,1
fall_0069,1
fall_0070,1
fall_0071,1
fall_0072,1
fall_0073,1
fall_0074,1
fall_0075,1
fall_0076,1
fall_0077,1
fall_0078,1
fall_0079,1
fall_0080,1
fall_0081,1
fall_0082,1
fall_0083,1
fall_0084,1
fall_0085,1
fall_0086,1
fall_0087,1
fall_0088,1
fall_0089,1
fall_0090,1
fall_0091,1
fall_0092,1
fall_0093,1
fall_0094,1
fall_0095,1
fall_0096,1
fall_0097,1
fall_0098,1
fall_0099,1
fall_0100,1
fall_0101,1
fall_0102,1
fall_0103,1
fall_0104,1
fall_0105,1
fall_0106,1
fall_0107,1
fall_0108,1
fall_0109,1
fall_0110,1
fall_0111,1
fall_0112,1
fall_0113,1
fall_0114,1
fall_0115,1
fall_0116,1
fall_0117,1
fall_0118,1
fall_0119,1
fall_0120,1
fall_0121,1
fall_0122,1
fall_0123,1
fall_0124,1
fall_0125,1
fall_0126,1
fall_0127,1
fall_0128,1
fall_0129,1
fall_0130,1
fall_0131,1
fall_0132,1
fall_0133,1
fall_0134,1
fall_0135,1
fall_0136,1
fall_0137,1
fall_0138,1
fall_0139,1
fall_0140,1
fall_0141,1
fall_0142,1
fall_0143,1
fall_0144,1
fall_0145,1
fall_0146,1
fall_0147,1
fall_0148,1
fall_0149,1
fall_0150,1
fall_0151,1
fall_0152,1
fall_0153,1
fall_0154,1
fall_0155,1
fall_0156,1
fall_0157,1
fall_0158,1
fall_0159,1
fall_0160,1
fall_0161,1
fall_0162,1
fall_0163,1
fall_0164,1
fall_0165,1
fall_0166,1
fall_0167,1
fall_0168,1
fall_0169,1
fall_0170,1
fall_0171,1
fall_0172,1
fall_0173,1
fall_0174,1
fall_0175,1
fall_0176,1
fall_0177,1
fall_0178,1
fall_0179,1
fall_0180,1
fall_0181,1
fall_0182,1
fall_0183,1
fall_0184,1
fall_0185,1
fall_0186,1
fall_0187,1
fall_0188,1
fall_0189,1
fall_0190,1
fall_0191,1
fall_0192,1
fall_0193,1
fall_0194,1
fall_0195,1
fall_0196,1
fall_0197,1
fall_0198,1
fall_0199,1
fall_0200,1
fall_0201,1
fall_0202,1
fall_0203,1
fall_0204,1
fall_0205,1
fall_0206,1
fall_0207,1
fall_0208,1
fall_0209,1
fall_0210,1
fall_0211,1
fall_0212,1
fall_0213,1
fall_0214,1
fall_0215,1
fall_0216,1
fall_0217,1
fall_0218,1
fall_0219,1
fall_0220,1
fall_0221,1
fall_0222,1
fall_0223,1
fall_0224,1
fall_0225,1
fall_0226,1
fall_0227,1
fall_0228,1
fall_0229,1
fall_0230,1
fall_0231,1
fall_0232,1
fall_0233,1
fall_0234,1
fall_0235,1
fall_0236,1
fall_0237,1
fall_0238,1
fall_0239,1
fall_0240,1
fall_0241,1
fall_0242,1
fall_0243,1
fall_0244,1
fall_0245,1
fall_0246,1
fall_0247,1
fall_0248,1
fall_0249,1
fall_0250,1
fall_0251,1
fall_0252,1
fall_0253,1
fall_0254,1
fall_0255,1
fall_0256,1
fall_0257,1
fall_0258,1
fall_0259,1
fall_0260,1
fall_0261,1
fall_0262,1
fall_0263,1
fall_0264,1
fall_0265,1
fall_0266,1
fall_0267,1
fall_0268,1
fall_0269,1
fall_0270,1
fall_0271,1
fall_0272,1
fall_0273,1
fall_0274,1
fall_0275,1
fall_0276,1
fall_0277,1
fall_0278,1
fall_0279,1
fall_0280,1
fall_0281,1
fall_0282,1
fall_0283,1
fall_0284,1
fall_0285,1
fall_0286,1
fall_0287,1
fall_0288,1
fall_0289,1
fall_0290,1
fall_0291,1
fall_0292,1
fall_0293,1
fall_0294,1
fall_0295,1
fall_0296,1
fall_0297,1
fall_0298,1
fall_0299,1
fall_0300,1
fall_0301,1
fall_0302,1
fall_0303,1
fall_0304,1
fall_0305,1
fall_0306,1
fall_0307,1
fall_0308,1
fall_0309,1
fall_0310,1
fall_0311,1
fall_0312,1
fall_0313,1
fall_0314,1
fall_0315,1
fall_0316,1
fall_0317,1
fall_0318,1
fall_0319,1
fall_0320,1
fall_0321,1
fall_0322,1
fall_0323,1
fall_0324,1
fall_0325,1
fall_0326,1
fall_0327,1
fall_0328,1
fall_0329,1
fall_0330,1
fall_0331,1
fall_0332,1
fall_0333,1
fall_0334,1
fall_0335,1
fall_0336,1
fall_0337,1
fall_0338,1
fall_0339,1
fall_0340,1
fall_0341,1
fall_0342,1
fall_0343,1
fall_0344,1
fall_0345,1
fall_0346,1
fall_0347,1
fall_0348,1
fall_0349,1
fall_0350,1
fall_0351,1
fall_0352,1
fall_0353,1
fall_0354,1
fall_0355,1
fall_0356,1
fall_0357,1
fall_0358,1
fall_0359,1
fall_0360,1
fall_0361,1
fall_0362,1
fall_0363,1
fall_0364,1
fall_0365,1
fall_0366,1
fall_0367,1
fall_0368,1
fall_0369,1
fall_0370,1
fall_0371,1
fall_0372,1
fall_0373,1
fall_0374,1
fall_0375,1
fall_0376,1
fall_0377,1
fall_0378,1
fall_0379,1
fall_0380,1
fall_0381,1
fall_0382,1
fall_0383,1
fall_0384,1
fall_0385,1
fall_0386,1
fall_0387,1
fall_0388,1
fall_0389,1
fall_0390,1
fall_0391,1
fall_0392,1
fall_0393,1
fall_0394,1
fall_0395,1
fall_0396,1
fall_0397,1
fall_0398,1
fall_0399,1
fall_0400,1
fall_0401,1
fall_0402,1
fall_0403,1
fall_0404,1
fall_0405,1
fall_0406,1
fall_0407,1
fall_0408,1
fall_0409,1
fall_0410,1
fall_0411,1
fall_0412,1
fall_0413,1
fall_0414,1
fall_0415,1
fall_0416,1
fall_0417,1
fall_0418,1
fall_0419,1
fall_0420,1
fall_0421,1
fall_0422,1
fall_0423,1
fall_0424,1
fall_0425,1
fall_0426,1
fall_0427,1
fall_0428,1
fall_0429,1
fall_0430,1
fall_0431,1
fall_0432,1
fall_0433,1
fall_0434,1
fall_0435,1
fall_0436,1
fall_0437,1
fall_0438,1
fall_0439,1
fall_0440,1
fall_0441,1
fall_0442,1
fall_0443,1
fall_0444,1
fall_0445,1
fall_0446,1
fall_0447,1
fall_0448,1
fall_0449,1
fall_0450,1
fall_0451,1
fall_0452,1
fall_0453,1
fall_0454,1
fall_0455,1
fall_0456,1
fall_0457,1
fall_0458,1
fall_0459,1
fall_0460,1
fall_0461,1
fall_0462,1
fall_0463,1
fall_0464,1
fall_0465,1
fall_0466,1
fall_0467,1
fall_0468,1
fall_0469,1
fall_0470,1
fall_0471,1
fall_0472,1
fall_0473,1
fall_0474,1
fall_0475,1
fall_0476,1
fall_0477,1
fall_0478,1
fall_0479,1
fall_0480,1
fall_0481,1
fall_0482,1
fall_0483,1
fall_0484,1
fall_0485,1
fall_0486,1
fall_0487,1
fall_0488,1
fall_0489,1
fall_0490,1
fall_0491,1
fall_0492,1
fall_0493,1
fall_0494,1
fall_0495,1
fall_0496,1
fall_0497,1
fall_0498,1
fall_0499,1
fall_0500,1
fall_0501,1
fall_0502,1
fall_0503,1
fall_0504,1
fall_0505,1
fall_0506,1
fall_0507,1
fall_0508,1
fall_0509,1
fall_0510,1
fall_0511,1
fall_0512,1
fall_0513,1
fall_0514,1
fall_0515,1
fall_0516,1
fall_0517,1
fall_0518,1
fall_0519,1
fall_0520,1
fall_0521,1
fall_0522,1
fall_0523,1
fall_0524,1
fall_0525,1
fall_0526,1
fall_0527,1
fall_0528,1
fall_0529,1
fall_0530,1
fall_0531,1
fall_0532,1
fall_0533,1
fall_0534,1
fall_0535,1
fall_0536,1
fall_0537,1
fall_0538,1
fall_0539,1
fall_0540,1
fall_0541,1
fall_0542,1
fall_0543,1
fall_0544,1
fall_0545,1
fall_0546,1
fall_0547,1
fall_0548,1
fall_0549,1
fall_0550,1
fall_0551,1
fall_0552,1
fall_0553,1
fall_0554,1
fall_0555,1
fall_0556,1
fall_0557,1
fall_0558,1
fall_0559,1
fall_0560,1
fall_0561,1
fall_0562,1
fall_0563,1
fall_0564,1
fall_0565,1
fall_0566,1
fall_0567,1
fall_0568,1
fall_0569,1
fall_0570,1
fall_0571,1
fall_0572,1
fall_0573,1
fall_0574,1
fall_0575,1
fall_0576,1
fall_0577,1
fall_0578,1
fall_0579,1
fall_0580,1
fall_0581,1
fall_0582,1
fall_0583,1
fall_0584,1
fall_0585,1
fall_0586,1
fall_0587,1
fall_0588,1
fall_0589,1
fall_0590,1
fall_0591,1
fall_0592,1
fall_0593,1
fall_0594,1
fall_0595,1
fall_0596,1
fall_0597,1
fall_0598,1
fall_0599,1
fall_0600,1
fall_0601,1
fall_0602,1
fall_0603,1
fall_0604,1
fall_0605,1
fall_0606,1
fall_0607,1
fall_0608,1
fall_0609,1
fall_0610,1
fall_0611,1
fall_0612,1
fall_0613,1
fall_0614,1
fall_0615,1
fall_0616,1
fall_0617,1
fall_0618,1
fall_0619,1
fall_0620,1
fall_0621,1
fall_0622,1
fall_0623,1
fall_0624,1
fall_0625,1
fall_0626,1
fall_0627,1
fall_0628,1
fall_0629,1
fall_0630,1
fall_0631,1
fall_0632,1
fall_0633,1
fall_0634,1
fall_0635,1
fall_0636,1
fall_0637,1
fall_0638,1
fall_0639,1
fall_0640,1
fall_0641,1
fall_0642,1
fall_0643,1
fall_0644,1
fall_0645,1
fall_0646,1
fall_0647,1
fall_0648,1
fall_0649,1
fall_0650,1
fall_0651,1
fall_0652,1
fall_0653,1
fall_0654,1
fall_0655,1
fall_0656,1
fall_0657,1
fall_0658,1
fall_0659,1
fall_0660,1
fall_0661,1
fall_0662,1
fall_0663,1
fall_0664,1
fall_0665,1
fall_0666,1
fall_0667,1
fall_0668,1
fall_0669,1
fall_0670,1
fall_0671,1
fall_0672,1
fall_0673,1
fall_0674,1
fall_0675,1
fall_0676,1
fall_0677,1
fall_0678,1
fall_0679,1
fall_0680,1
fall_0681,1
fall_0682,1
fall_0683,1
fall_0684,1
fall_0685,1
fall_0686,1
fall_0687,1
fall_0688,1
fall_0689,1
fall_0690,1
fall_0691,1
fall_0692,1
fall_0693,1
fall_0694,1
fall_0695,1
fall_0696,1
fall_0697,1
fall_0698,1
fall_0699,1
fall_0700,1
fall_0701,1
fall_0702,1
fall_0703,1
fall_0704,1
fall_0705,1
fall_0706,1
fall_0707,1
fall_0708,1
fall_0709,1
fall_0710,1
fall_0711,1
fall_0712,1
fall_0713,1
fall_0714,1
fall_0715,1
fall_0716,1
fall_0717,1
fall_0718,1
fall_0719,1
fall_0720,1
fall_0721,1
fall_0722,1
fall_0723,1
fall_0724,1
fall_0725,1
fall_0726,1
fall_0727,1
fall_0728,1
fall_0729,1
fall_0730,1
fall_0731,1
fall_0732,1
fall_0733,1
fall_0734,1
fall_0735,1
fall_0736,1
fall_0737,1
fall_0738,1
fall_0739,1
fall_0740,1
fall_0741,1
fall_0742,1
fall_0743,1
fall_0744,1
fall_0745,1
fall_0746,1
fall_0747,1
fall_0748,1
fall_0749,1
fall_0750,1
fall_0751,1
fall_0752,1
fall_0753,1
fall_0754,1
fall_0755,1
fall_0756,1
fall_0757,1
fall_0758,1
fall_0759,1
fall_0760,1
fall_0761,1
fall_0762,1
fall_0763,1
fall_0764,1
fall_0765,1
fall_0766,1
fall_0767,1
fall_0768,1
fall_0769,1
fall_0770,1
fall_0771,1
fall_0772,1
fall_0773,1
fall_0774,1
fall_0775,1
fall_0776,1
fall_0777,1
fall_0778,1
fall_0779,1
fall_0780,1
fall_0781,1
fall_0782,1
fall_0783,1
fall_0784,1
fall_0785,1
fall_0786,1
fall_0787,1
fall_0788,1
fall_0789,1
fall_0790,1
fall_0791,1
fall_0792,1
fall_0793,1
fall_0794,1
fall_0795,1
fall_0796,1
fall_0797,1
fall_0798,1
fall_0799,1
fall_0800,1
fall_0801,1
fall_0802,1
fall_0803,1
fall_0804,1
fall_0805,1
fall_0806,1
fall_0807,1
fall_0808,1
fall_0809,1
fall_0810,1
fall_0811,1
fall_0812,1
fall_0813,1
fall_0814,1
fall_0815,1
fall_0816,1
fall_0817,1
fall_0818,1
fall_0819,1
fall_0820,1
fall_0821,1
fall_0822,1
fall_0823,1
fall_0824,1
fall_0825,1
fall_0826,1
fall_0827,1
fall_0828,1
fall_0829,1
fall_0830,1
fall_0831,1
fall_0832,1
fall_0833,1
fall_0834,1
fall_0835,1
fall_0836,1
fall_0837,1
fall_0838,1
fall_0839,1
fall_0840,1
fall_0841,1
fall_0842,1
fall_0843,1
fall_0844,1
fall_0845,1
fall_0846,1
fall_0847,1
fall_0848,1
fall_0849,1
fall_0850,1
fall_0851,1
fall_0852,1
fall_0853,1
fall_0854,1
fall_0855,1
fall_0856,1
fall_0857,1
fall_0858,1
fall_0859,1
fall_0860,1
fall_0861,1
fall_0862,1
fall_0863,1
fall_0864,1
fall_0865,1
fall_0866,1
fall_0867,1
fall_0868,1
fall_0869,1
fall_0870,1
fall_0871,1
fall_0872,1
fall_0873,1
fall_0874,1
fall_0875,1
fall_0876,1
fall_0877,1
fall_0878,1
fall_0879,1
fall_0880,1
fall_0881,1
fall_0882,1
fall_0883,1
fall_0884,1
fall_0885,1
fall_0886,1
fall_0887,1
fall_0888,1
fall_0889,1
fall_0890,1
fall_0891,1
fall_0892,1
fall_0893,1
fall_0894,1
fall_0895,1
fall_0896,1
fall_0897,1
fall_0898,1
fall_0899,1
fall_0900,1
fall_0901,1
fall_0902,1
fall_0903,1
fall_0904,1
fall_0905,1
fall_0906,1
fall_0907,1
fall_0908,1
fall_0909,1
fall_0910,1
fall_0911,1
fall_0912,1
fall_0913,1
fall_0914,1
fall_0915,1
fall_0916,1
fall_0917,1
fall_0918,1
fall_0919,1
fall_0920,1
fall_0921,1
fall_0922,1
fall_0923,1
fall_0924,1
fall_0925,1
fall_0926,1
fall_0927,1
fall_0928,1
fall_0929,1
fall_0930,1
fall_0931,1
fall_0932,1
fall_0933,1
fall_0934,1
fall_0935,1
fall_0936,1
fall_0937,1
fall_0938,1
fall_0939,1
fall_0940,1
fall_0941,1
fall_0942,1
fall_0943,1
fall_0944,1
fall_0945,1
fall_0946,1
fall_0947,1
fall_0948,1
fall_0949,1
fall_0950,1
fall_0951,1
fall_0952,1
fall_0953,1
fall_0954,1
fall_0955,1
fall_0956,1
fall_0957,1
fall_0958,1
fall_0959,1
fall_0960,1
fall_0961,1
fall_0962,1
fall_0963,1
fall_0964,1
fall_0965,1
fall_0966,1
fall_0967,1
fall_0968,1
fall_0969,1
fall_0970,1
fall_0971,1
fall_0972,1
fall_0973,1
fall_0974,1
fall_0975,1
fall_0976,1
fall_0977,1
fall_0978,1
fall_0979,1
fall_0980,1
fall_0981,1
fall_0982,1
fall_0983,1
fall_0984,1
fall_0985,1
fall_0986,1
fall_0987,1
fall_0988,1
fall_0989,1
fall_0990,1
fall_0991,1
fall_0992,1
fall_0993,1
fall_0994,1
fall_0995,1
fall_0996,1
fall_0997,1
fall_0998,1
fall_0999,1
fall_1000,1
fall_1001,1
fall_1002,1
fall_1003,1
fall_1004,1
fall_1005,1
fall_1006,1
fall_1007,1
fall_1008,1
fall_1009,1
fall_1010,1
fall_1011,1
fall_1012,1
fall_1013,1
fall_1014,1
fall_1015,1
fall_1016,1
fall_1017,1
fall_1018,1
fall_1019,1
fall_1020,1
fall_1021,1
fall_1022,1
fall_1023,1
fall_1024,1
fall_1025,1
fall_1026,1
fall_1027,1
fall_1028,1
fall_1029,1
fall_1030,1
fall_1031,1
fall_1032,1
fall_1033,1
fall_1034,1
fall_1035,1
fall_1036,1
fall_1037,1
fall_1038,1
fall_1039,1
fall_1040,1
fall_1041,1
fall_1042,1
fall_1043,1
fall_1044,1
fall_1045,1
fall_1046,1
fall_1047,1
fall_1048,1
fall_1049,1
fall_1050,1
fall_1051,1
fall_1052,1
fall_1053,1
fall_1054,1
fall_1055,1
fall_1056,1
fall_1057,1
fall_1058,1
fall_1059,1
fall_1060,1
fall_1061,1
fall_1062,1
fall_1063,1
fall_1064,1
fall_1065,1
fall_1066,1
fall_1067,1
fall_1068,1
fall_1069,1
fall_1070,1
fall_1071,1
fall_1072,1
fall_1073,1
fall_1074,1
fall_1075,1
fall_1076,1
fall_1077,1
fall_1078,1
fall_1079,1
fall_1080,1
fall_1081,1
fall_1082,1
fall_1083,1
fall_1084,1
fall_1085,1
fall_1086,1
fall_1087,1
fall_1088,1
fall_1089,1
fall_1090,1
fall_1091,1
fall_1092,1
fall_1093,1
fall_1094,1
fall_1095,1
fall_1096,1
fall_1097,1
fall_1098,1
fall_1099,1
fall_1100,1
fall_1101,1
fall_1102,1
fall_1103,1
fall_1104,1
fall_1105,1
fall_1106,1
fall_1107,1
fall_1108,1
fall_1109,1
fall_1110,1
fall_1111,1
fall_1112,1
fall_1113,1
fall_1114,1
fall_1115,1
fall_1116,1
fall_1117,1
fall_1118,1
fall_1119,1
fall_1120,1
fall_1121,1
fall_1122,1
fall_1123,1
fall_1124,1
fall_1125,1
fall_1126,1
fall_1127,1
fall_1128,1
fall_1129,1
fall_1130,1
fall_1131,1
fall_1132,1
fall_1133,1
fall_1134,1
fall_1135,1
fall_1136,1
fall_1137,1
fall_1138,1
fall_1139,1
fall_1140,1
fall_1141,1
fall_1142,1
fall_1143,1
fall_1144,1
fall_1145,1
fall_1146,1
fall_1147,1
fall_1148,1
fall_1149,1
fall_1150,1
fall_1151,1
fall_1152,1
fall_1153,1
fall_1154,1
fall_1155,1
fall_1156,1
fall_1157,1
fall_1158,1
fall_1159,1
fall_1160,1
fall_1161,1
fall_1162,1
fall_1163,1
fall_1164,1
fall_1165,1
fall_1166,1
fall_1167,1
fall_1168,1
fall_1169,1
fall_1170,1
fall_1171,1
fall_1172,1
fall_1173,1
fall_1174,1
fall_1175,1
fall_1176,1
fall_1177,1
fall_1178,1
fall_1179,1
fall_1180,1
fall_1181,1
fall_1182,1
fall_1183,1
fall_1184,1
fall_1185,1
fall_1186,1
fall_1187,1
fall_1188,1
fall_1189,1
fall_1190,1
fall_1191,1
fall_1192,1
fall_1193,1
fall_1194,1
fall_1195,1
fall_1196,1
fall_1197,1
fall_1198,1
fall_1199,1
fall_1200,1
fall_1201,1
fall_1202,1
fall_1203,1
fall_1204,1
fall_1205,1
fall_1206,1
fall_1207,1
fall_1208,1
fall_1209,1
fall_1210,1
fall_1211,1
fall_1212,1
fall_1213,1
fall_1214,1
fall_1215,1
fall_1216,1
fall_1217,1
fall_1218,1
fall_1219,1
fall_1220,1
fall_1221,1
fall_1222,1
fall_1223,1
fall_1224,1
fall_1225,1
fall_1226,1
fall_1227,1
fall_1228,1
fall_1229,1
fall_1230,1
fall_1231,1
fall_1232,1
fall_1233,1
fall_1234,1
fall_1235,1
fall_1236,1
fall_1237,1
fall_1238,1
fall_1239,1
fall_1240,1
fall_1241,1
fall_1242,1
fall_1243,1
fall_1244,1
fall_1245,1
fall_1246,1
fall_1247,1
fall_1248,1
fall_1249,1
fall_1250,1
fall_1251,1
fall_1252,1
fall_1253,1
fall_1254,1
fall_1255,1
fall_1256,1
fall_1257,1
fall_1258,1
fall_1259,1
fall_1260,1
fall_1261,1
fall_1262,1
fall_1263,1
fall_1264,1
fall_1265,1
fall_1266,1
fall_1267,1
fall_1268,1
fall_1269,1
fall_1270,1
fall_1271,1
fall_1272,1
fall_1273,1
fall_1274,1
fall_1275,1
fall_1276,1
fall_1277,1
fall_1278,1
fall_1279,1
fall_1280,1
fall_1281,1
fall_1282,1
fall_1283,1
fall_1284,1
fall_1285,1
fall_1286,1
fall_1287,1
fall_1288,1
fall_1289,1
fall_1290,1
fall_1291,1
fall_1292,1
fall_1293,1
fall_1294,1
fall_1295,1
fall_1296,1
fall_1297,1
fall_1298,1
fall_1299,1
fall_1300,1
fall_1301,1
fall_1302,1
fall_1303,1
fall_1304,1
fall_1305,1
fall_1306,1
fall_1307,1
fall_1308,1
fall_1309,1
fall_1310,1
fall_1311,1
fall_1312,1
fall_1313,1
fall_1314,1
fall_1315,1
fall_1316,1
fall_1317,1
fall_1318,1
fall_1319,1
fall_1320,1
fall_1321,1
fall_1322,1
fall_1323,1
fall_1324,1
fall_1325,1
fall_1326,1
fall_1327,1
fall_1328,1
fall_1329,1
fall_1330,1
fall_1331,1
fall_1332,1
fall_1333,1
fall_1334,1
fall_1335,1
fall_1336,1
fall_1337,1
fall_1338,1
fall_1339,1
fall_1340,1
fall_1341,1
fall_1342,1
fall_1343,1
fall_1344,1
fall_1345,1
fall_1346,1
fall_1347,1
fall_1348,1
fall_1349,1
fall_1350,1
fall_1351,1
fall_1352,1
fall_1353,1
fall_1354,1
fall_1355,1
fall_1356,1
fall_1357,1
fall_1358,1
fall_1359,1
fall_1360,1
fall_1361,1
fall_1362,1
fall_1363,1
fall_1364,1
fall_1365,1
fall_1366,1
fall_1367,1
fall_1368,1
fall_1369,1
fall_1370,1
fall_1371,1
fall_1372,1
fall_1373,1
fall_1374,1
fall_1375,1
fall_1376,1
fall_1377,1
fall_1378,1
fall_1379,1
fall_1380,1
fall_1381,1
fall_1382,1
fall_1383,1
fall_1384,1
fall_1385,1
fall_1386,1
fall_1387,1
fall_1388,1
fall_1389,1
fall_1390,1
fall_1391,1
fall_1392,1
fall_1393,1
fall_1394,1
fall_1395,1
fall_1396,1
fall_1397,1
fall_1398,1
fall_1399,1
fall_1400,1
fall_1401,1
fall_1402,1
fall_1403,1
fall_1404,1
fall_1405,1
fall_1406,1
fall_1407,1
fall_1408,1
fall_1409,1
fall_1410,1
fall_1411,1
fall_1412,1
fall_1413,1
fall_1414,1
fall_1415,1
fall_1416,1
fall_1417,1
fall_1418,1
fall_1419,1
fall_1420,1
fall_1421,1
fall_1422,1
fall_1423,1
fall_1424,1
fall_1425,1
fall_1426,1
fall_1427,1
fall_1428,1
fall_1429,1
fall_1430,1
fall_1431,1
fall_1432,1
fall_1433,1
fall_1434,1
fall_1435,1
fall_1436,1
fall_1437,1
fall_1438,1
fall_1439,1
fall_1440,1
fall_1441,1
fall_1442,1
fall_1443,1
fall_1444,1
fall_1445,1
fall_1446,1
fall_1447,1
fall_1448,1
fall_1449,1
fall_1450,1
fall_1451,1
fall_1452,1
fall_1453,1
fall_1454,1
fall_1455,1
fall_1456,1
fall_1457,1
fall_1458,1
fall_1459,1
fall_1460,1
fall_1461,1
fall_1462,1
fall_1463,1
fall_1464,1
fall_1465,1
fall_1466,1
fall_1467,1
fall_1468,1
fall_1469,1
fall_1470,1
fall_1471,1
fall_1472,1
fall_1473,1
fall_1474,1
fall_1475,1
fall_1476,1
fall_1477,1
fall_1478,1
fall_1479,1
fall_1480,1
fall_1481,1
fall_1482,1
fall_1483,1
fall_1484,1
fall_1485,1
fall_1486,1
fall_1487,1
fall_1488,1
fall_1489,1
fall_1490,1
fall_1491,1
fall_1492,1
fall_1493,1
fall_1494,1
fall_1495,1
fall_1496,1
fall_1497,1
fall_1498,1
fall_1499,1
fall_1500,1
fall_1501,1
fall_1502,1
fall_1503,1
fall_1504,1
fall_1505,1
fall_1506,1
fall_1507,1
fall_1508,1
fall_1509,1
fall_1510,1
fall_1511,1
fall_1512,1
fall_1513,1
fall_1514,1
fall_1515,1
fall_1516,1
fall_1517,1
fall_1518,1
fall_1519,1
fall_1520,1
fall_1521,1
fall_1522,1
fall_1523,1
fall_1524,1
fall_1525,1
fall_1526,1
fall_1527,1
fall_1528,1
fall_1529,1
fall_1530,1
fall_1531,1
fall_1532,1
fall_1533,1
fall_1534,1
fall_1535,1
fall_1536,1
fall_1537,1
fall_1538,1
fall_1539,1
fall_1540,1
fall_1541,1
fall_1542,1
fall_1543,1
fall_1544,1
fall_1545,1
fall_1546,1
fall_1547,1
fall_1548,1
fall_1549,1
fall_1550,1
fall_1551,1
fall_1552,1
fall_1553,1
fall_1554,1
fall_1555,1
fall_1556,1
fall_1557,1
fall_1558,1
fall_1559,1
fall_1560,1
fall_1561,1
fall_1562,1
fall_1563,1
fall_1564,1
fall_1565,1
fall_1566,1
fall_1567,1
fall_1568,1
fall_1569,1
fall_1570,1
fall_1571,1
fall_1572,1
fall_1573,1
fall_1574,1
fall_1575,1
fall_1576,1
fall_1577,1
fall_1578,1
fall_1579,1
fall_1580,1
fall_1581,1
fall_1582,1
fall_1583,1
fall_1584,1
fall_1585,1
fall_1586,1
fall_1587,1
fall_1588,1
fall_1589,1
fall_1590,1
fall_1591,1
fall_1592,1
fall_1593,1
fall_1594,1
fall_1595,1
fall_1596,1
fall_1597,1
fall_1598,1
fall_1599,1
fall_1600,1
fall_1601,1
fall_1602,1
fall_1603,1
fall_1604,1
fall_1605,1
fall_1606,1
fall_1607,1
fall_1608,1
fall_1609,1
fall_1610,1
fall_1611,1
fall_1612,1
fall_1613,1
fall_1614,1
fall_1615,1
fall_1616,1
fall_1617,1
fall_1618,1
fall_1619,1
fall_1620,1
fall_1621,1
fall_1622,1
fall_1623,1
fall_1624,1
fall_1625,1
fall_1626,1
fall_1627,1
fall_1628,1
fall_1629,1
fall_1630,1
fall_1631,1
fall_1632,1
fall_1633,1
fall_1634,1
fall_1635,1
fall_1636,1
fall_1637,1
fall_1638,1
fall_1639,1
fall_1640,1
fall_1641,1
fall_1642,1
fall_1643,1
fall_1644,1
fall_1645,1
fall_1646,1
fall_1647,1
fall_1648,1
fall_1649,1
fall_1650,1
fall_1651,1
fall_1652,1
fall_1653,1
fall_1654,1
fall_1655,1
fall_1656,1
fall_1657,1
fall_1658,1
fall_1659,1
fall_1660,1
fall_1661,1
fall_1662,1
fall_1663,1
fall_1664,1
fall_1665,1
fall_1666,1
fall_1667,1
fall_1668,1
fall_1669,1
fall_1670,1
fall_1671,1
fall_1672,1
fall_1673,1
fall_1674,1
fall_1675,1
fall_1676,1
fall_1677,1
fall_1678,1
fall_1679,1
fall_1680,1
fall_1681,1
fall_1682,1
fall_1683,1
fall_1684,1
fall_1685,1
fall_1686,1
fall_1687,1
fall_1688,1
fall_1689,1
fall_1690,1
fall_1691,1
fall_1692,1
fall_1693,1
fall_1694,1
fall_1695,1
fall_1696,1
fall_1697,1
fall_1698,1
fall_1699,1
fall_1700,1
fall_1701,1
fall_1702,1
fall_1703,1
fall_1704,1
fall_1705,1
fall_1706,1
fall_1707,1
fall_1708,1
fall_1709,1
fall_1710,1
fall_1711,1
fall_1712,1
fall_1713,1
fall_1714,1
fall_1715,1
fall_1716,1
fall_1717,1
fall_1718,1
fall_1719,1
fall_1720,1
fall_1721,1
fall_1722,1
fall_1723,1
fall_1724,1
fall_1725,1
fall_1726,1
fall_1727,1
fall_1728,1
fall_1729,1
fall_1730,1
fall_1731,1
fall_1732,1
fall_1733,1
fall_1734,1
fall_1735,1
fall_1736,1
fall_1737,1
fall_1738,1
fall_1739,1
fall_1740,1
fall_1741,1
fall_1742,1
fall_1743,1
fall_1744,1
fall_1745,1
fall_1746,1
fall_1747,1
fall_1748,1
fall_1749,1
fall_1750,1
fall_1751,1
fall_1752,1
fall_1753,1
fall_1754,1
fall_1755,1
fall_1756,1
fall_1757,1
fall_1758,1
fall_1759,1
fall_1760,1
fall_1761,1
fall_1762,1
fall_1763,1
fall_1764,1
fall_1765,1
fall_1766,1
fall_1767,1
fall_1768,1
fall_1769,1
fall_1770,1
fall_1771,1
fall_1772,1
fall_1773,1
fall_1774,1
fall_1775,1
fall_1776,1
fall_1777,1
fall_1778,1
fall_1779,1
fall_1780,1
fall_1781,1
fall_1782,1
fall_1783,1
fall_1784,1
fall_1785,1
fall_1786,1
fall_1787,1
fall_1788,1
fall_1789,1
fall_1790,1
fall_1791,1
fall_1792,1
fall_1793,1
fall_1794,1
fall_1795,1
fall_1796,1
fall_1797,1
fall_1798,1
fall_1799,1
fall_1800,1
fall_1801,1
fall_1802,1
fall_1803,1
fall_1804,1
fall_1805,1
fall_1806,1
fall_1807,1
fall_1808,1
fall_1809,1
fall_1810,1
fall_1811,1
fall_1812,1
fall_1813,1
fall_1814,1
fall_1815,1
fall_1816,1
fall_1817,1
fall_1818,1
fall_1819,1
fall_1820,1
fall_1821,1
fall_1822,1
fall_1823,1
fall_1824,1
fall_1825,1
fall_1826,1
fall_1827,1
fall_1828,1
fall_1829,1
fall_1830,1
fall_1831,1
fall_1832,1
fall_1833,1
fall_1834,1
fall_1835,1
fall_1836,1
fall_1837,1
fall_1838,1
fall_1839,1
fall_1840,1
fall_1841,1
fall_1842,1
fall_1843,1
fall_1844,1
fall_1845,1
fall_1846,1
fall_1847,1
fall_1848,1
fall_1849,1
fall_1850,1
fall_1851,1
fall_1852,1
fall_1853,1
fall_1854,1
fall_1855,1
fall_1856,1
fall_1857,1
fall_1858,1
fall_1859,1
fall_1860,1
fall_1861,1
fall_1862,1
fall_1863,1
fall_1864,1
fall_1865,1
fall_1866,1
fall_1867,1
fall_1868,1
fall_1869,1
fall_1870,1
fall_1871,1
fall_1872,1
fall_1873,1
fall_1874,1
fall_1875,1
fall_1876,1
fall_1877,1
fall_1878,1
fall_1879,1
fall_1880,1
fall_1881,1
fall_1882,1
fall_1883,1
fall_1884,1
fall_1885,1
fall_1886,1
fall_1887,1
fall_1888,1
fall_1889,1
fall_1890,1
fall_1891,1
fall_1892,1
fall_1893,1
fall_1894,1
fall_1895,1
fall_1896,1
fall_1897,1
fall_1898,1
fall_1899,1
fall_1900,1
fall_1901,1
fall_1902,1
fall_1903,1
fall_1904,1
fall_1905,1
fall_1906,1
fall_1907,1
fall_1908,1
fall_1909,1
fall_1910,1
fall_1911,1
fall_1912,1
fall_1913,1
fall_1914,1
fall_1915,1
fall_1916,1
fall_1917,1
fall_1918,1
fall_1919,1
fall_1920,1
fall_1921,1
fall_1922,1
fall_1923,1
fall_1924,1
fall_1925,1
fall_1926,1
fall_1927,1
fall_1928,1
fall_1929,1
fall_1930,1
fall_1931,1
fall_1932,1
fall_1933,1
fall_1934,1
fall_1935,1
fall_1936,1
fall_1937,1
fall_1938,1
fall_1939,1
fall_1940,1
fall_1941,1
fall_1942,1
fall_1943,1
fall_1944,1
fall_1945,1
fall_1946,1
fall_1947,1
fall_1948,1
fall_1949,1
fall_1950,1
fall_1951,1
fall_1952,1
fall_1953,1
fall_1954,1
fall_1955,1
fall_1956,1
fall_1957,1
fall_1958,1
fall_1959,1
fall_1960,1
fall_1961,1
fall_1962,1
fall_1963,1
fall_1964,1
fall_1965,1
fall_1966,1
fall_1967,1
fall_1968,1
fall_1969,1
fall_1970,1
fall_1971,1
fall_1972,1
fall_1973,1
fall_1974,1
fall_1975,1
fall_1976,1
fall_1977,1
fall_1978,1
fall_1979,1
fall_1980,1
fall_1981,1
fall_1982,1
fall_1983,1
fall_1984,1
fall_1985,1
fall_1986,1
fall_1987,1
fall_1988,1
fall_1989,1
fall_1990,1
fall_1991,1
fall_1992,1
fall_1993,1
fall_1994,1
fall_1995,1
fall_1996,1
fall_1997,1
fall_1998,1
fall_1999,1
fall_2000,1
fall_2001,1
fall_2002,1
fall_2003,1
fall_2004,1
fall_2005,1
fall_2006,1
fall_2007,1
fall_2008,1
fall_2009,1
fall_2010,1
fall_2011,1
fall_2012,1
fall_2013,1
fall_2014,1
fall_2015,1
fall_2016,1
fall_2017,1
fall_2018,1
fall_2019,1
fall_2020,1
fall_2021,1
fall_2022,1
fall_2023,1
fall_2024,1
fall_2025,1
fall_2026,1
fall_2027,1
fall_2028,1
fall_2029,1
fall_2030,1
fall_2031,1
fall_2032,1
fall_2033,1
fall_2034,1
fall_2035,1
fall_2036,1
fall_2037,1
fall_2038,1
fall_2039,1
fall_2040,1
fall_2041,1
fall_2042,1
fall_2043,1
fall_2044,1
fall_2045,1
fall_2046,1
fall_2047,1
fall_2048,1
fall_2049,1
fall_2050,1
fall_2051,1
fall_2052,1
fall_2053,1
fall_2054,1
fall_2055,1
fall_2056,1
fall_2057,1
fall_2058,1
fall_2059,1
fall_2060,1
fall_2061,1
fall_2062,1
fall_2063,1
fall_2064,1
fall_2065,1
fall_2066,1
fall_2067,1
fall_2068,1
fall_2069,1
fall_2070,1
fall_2071,1
fall_2072,1
fall_2073,1
fall_2074,1
fall_2075,1
fall_2076,1
fall_2077,1
fall_2078,1
fall_2079,1
fall_2080,1
fall_2081,1
fall_2082,1
fall_2083,1
fall_2084,1
fall_2085,1
fall_2086,1
fall_2087,1
fall_2088,1
fall_2089,1
fall_2090,1
fall_2091,1
fall_2092,1
fall_2093,1
fall_2094,1
fall_2095,1
fall_2096,1
fall_2097,1
fall_2098,1
fall_2099,1
fall_2100,1
fall_2101,1
fall_2102,1
fall_2103,1
fall_2104,1
fall_2105,1
fall_2106,1
fall_2107,1
fall_2108,1
fall_2109,1
fall_2110,1
fall_2111,1
fall_2112,1
fall_2113,1
fall_2114,1
fall_2115,1
fall_2116,1
fall_2117,1
fall_2118,1
fall_2119,1
fall_2120,1
fall_2121,1
fall_2122,1
fall_2123,1
fall_2124,1
fall_2125,1
fall_2126,1
fall_2127,1
fall_2128,1
fall_2129,1
fall_2130,1
fall_2131,1
fall_2132,1
fall_2133,1
fall_2134,1
fall_2135,1
fall_2136,1
fall_2137,1
fall_2138,1
fall_2139,1
fall_2140,1
fall_2141,1
fall_2142,1
fall_2143,1
fall_2144,1
fall_2145,1
fall_2146,1
fall_2147,1
fall_2148,1
fall_2149,1
fall_2150,1
fall_2151,1
fall_2152,1
fall_2153,1
fall_2154,1
fall_2155,1
fall_2156,1
fall_2157,1
fall_2158,1
fall_2159,1
fall_2160,1
fall_2161,1
fall_2162,1
fall_2163,1
fall_2164,1
fall_2165,1
fall_2166,1
fall_2167,1
fall_2168,1
fall_2169,1
fall_2170,1
fall_2171,1
fall_2172,1
fall_2173,1
fall_2174,1
fall_2175,1
fall_2176,1
fall_2177,1
fall_2178,1
fall_2179,1
fall_2180,1
fall_2181,1
fall_2182,1
fall_2183,1
fall_2184,1
fall_2185,1
fall_2186,1
fall_2187,1
fall_2188,1
fall_2189,1
fall_2190,1
fall_2191,1
fall_2192,1
fall_2193,1
fall_2194,1
fall_2195,1
fall_2196,1
fall_2197,1
fall_2198,1
fall_2199,1
fall_2200,1
fall_2201,1
fall_2202,1
fall_2203,1
fall_2204,1
fall_2205,1
fall_2206,1
fall_2207,1
fall_2208,1
fall_2209,1
fall_2210,1
fall_2211,1
fall_2212,1
fall_2213,1
fall_2214,1
fall_2215,1
fall_2216,1
fall_2217,1
fall_2218,1
fall_2219,1
fall_2220,1
fall_2221,1
fall_2222,1
fall_2223,1
fall_2224,1
fall_2225,1
fall_2226,1
fall_2227,1
fall_2228,1
fall_2229,1
fall_2230,1
fall_2231,1
fall_2232,1
fall_2233,1
fall_2234,1
fall_2235,1
fall_2236,1
fall_2237,1
fall_2238,1
fall_2239,1
fall_2240,1
fall_2241,1
fall_2242,1
fall_2243,1
fall_2244,1
fall_2245,1
fall_2246,1
fall_2247,1
fall_2248,1
fall_2249,1
fall_2250,1
fall_2251,1
fall_2252,1
fall_2253,1
fall_2254,1
fall_2255,1
fall_2256,1
fall_2257,1
fall_2258,1
fall_2259,1
fall_2260,1
fall_2261,1
fall_2262,1
fall_2263,1
fall_2264,1
fall_2265,1
fall_2266,1
fall_2267,1
fall_2268,1
fall_2269,1
fall_2270,1
fall_2271,1
fall_2272,1
fall_2273,1
fall_2274,1
fall_2275,1
fall_2276,1
fall_2277,1
fall_2278,1
fall_2279,1
fall_2280,1
fall_2281,1
fall_2282,1
fall_2283,1
fall_2284,1
fall_2285,1
fall_2286,1
fall_2287,1
fall_2288,1
fall_2289,1
fall_2290,1
fall_2291,1
fall_2292,1
fall_2293,1
fall_2294,1
fall_2295,1
fall_2296,1
fall_2297,1
fall_2298,1
fall_2299,1
fall_2300,1
fall_2301,1
fall_2302,1
fall_2303,1
fall_2304,1
fall_2305,1
fall_2306,1
fall_2307,1
fall_2308,1
fall_2309,1
fall_2310,1
fall_2311,1
fall_2312,1
fall_2313,1
fall_2314,1
fall_2315,1
fall_2316,1
fall_2317,1
fall_2318,1
fall_2319,1
fall_2320,1
fall_2321,1
fall_2322,1
fall_2323,1
fall_2324,1
fall_2325,1
fall_2326,1
fall_2327,1
fall_2328,1
fall_2329,1
fall_2330,1
fall_2331,1
fall_2332,1
fall_2333,1
fall_2334,1
fall_2335,1
fall_2336,1
fall_2337,1
fall_2338,1
fall_2339,1
fall_2340,1
fall_2341,1
fall_2342,1
fall_2343,1
fall_2344,1
fall_2345,1
fall_2346,1
fall_2347,1
fall_2348,1
fall_2349,1
fall_2350,1
fall_2351,1
fall_2352,1
fall_2353,1
fall_2354,1
fall_2355,1
fall_2356,1
fall_2357,1
fall_2358,1
fall_2359,1
fall_2360,1
fall_2361,1
fall_2362,1
fall_2363,1
fall_2364,1
fall_2365,1
fall_2366,1
fall_2367,1
fall_2368,1
fall_2369,1
fall_2370,1
fall_2371,1
fall_2372,1
fall_2373,1
fall_2374,1
fall_2375,1
fall_2376,1
fall_2377,1
fall_2378,1
fall_2379,1
fall_2380,1
fall_2381,1
fall_2382,1
fall_2383,1
fall_2384,1
fall_2385,1
fall_2386,1
fall_2387,1
fall_2388,1
fall_2389,1
fall_2390,1
fall_2391,1
fall_2392,1
fall_2393,1
fall_2394,1
fall_2395,1
fall_2396,1
fall_2397,1
fall_2398,1
fall_2399,1
fall_2400,1
fall_2401,1
fall_2402,1
fall_2403,1
fall_2404,1
fall_2405,1
fall_2406,1
fall_2407,1
fall_2408,1
fall_2409,1
fall_2410,1
fall_2411,1
fall_2412,1
fall_2413,1
fall_2414,1
fall_2415,1
fall_2416,1
fall_2417,1
fall_2418,1
fall_2419,1
fall_2420,1
fall_2421,1
fall_2422,1
fall_2423,1
fall_2424,1
fall_2425,1
fall_2426,1
fall_2427,1
fall_2428,1
fall_2429,1
fall_2430,1
fall_2431,1
fall_2432,1
fall_2433,1
fall_2434,1
fall_2435,1
fall_2436,1
fall_2437,1
fall_2438,1
fall_2439,1
fall_2440,1
fall_2441,1
fall_2442,1
fall_2443,1
fall_2444,1
fall_2445,1
fall_2446,1
fall_2447,1
fall_2448,1
fall_2449,1
fall_2450,1
fall_2451,1
fall_2452,1
fall_2453,1
fall_2454,1
fall_2455,1
fall_2456,1
fall_2457,1
fall_2458,1
fall_2459,1
fall_2460,1
fall_2461,1
fall_2462,1
fall_2463,1
fall_2464,1
fall_2465,1
fall_2466,1
fall_2467,1
fall_2468,1
fall_2469,1
fall_2470,1
fall_2471,1
fall_2472,1
fall_2473,1
fall_2474,1
fall_2475,1
fall_2476,1
fall_2477,1
fall_2478,1
fall_2479,1
fall_2480,1
fall_2481,1
fall_2482,1
fall_2483,1
fall_2484,1
fall_2485,1
fall_2486,1
fall_2487,1
fall_2488,1
fall_2489,1
fall_2490,1
fall_2491,1
fall_2492,1
fall_2493,1
fall_2494,1
fall_2495,1
fall_2496,1
fall_2497,1
fall_2498,1
fall_2499,1
fall_2500,1
fall_2501,1
fall_2502,1
fall_2503,1
fall_2504,1
fall_2505,1
fall_2506,1
fall_2507,1
fall_2508,1
fall_2509,1
fall_2510,1
fall_2511,1
fall_2512,1
fall_2513,1
fall_2514,1
fall_2515,1
fall_2516,1
fall_2517,1
fall_2518,1
fall_2519,1
fall_2520,1
fall_2521,1
fall_2522,1
fall_2523,1
fall_2524,1
fall_2525,1
fall_2526,1
fall_2527,1
fall_2528,1
fall_2529,1
fall_2530,1
fall_2531,1
fall_2532,1
fall_2533,1
fall_2534,1
fall_2535,1
fall_2536,1
fall_2537,1
fall_2538,1
fall_2539,1
fall_2540,1
fall_2541,1
fall_2542,1
fall_2543,1
fall_2544,1
fall_2545,1
fall_2546,1
fall_2547,1
fall_2548,1
fall_2549,1
fall_2550,1
fall_2551,1
fall_2552,1
fall_2553,1
fall_2554,1
fall_2555,1
fall_2556,1
fall_2557,1
fall_2558,1
fall_2559,1
fall_2560,1
fall_2561,1
fall_2562,1
fall_2563,1
fall_2564,1
fall_2565,1
fall_2566,1
fall_2567,1
fall_2568,1
fall_2569,1
fall_2570,1
fall_2571,1
fall_2572,1
fall_2573,1
fall_2574,1
fall_2575,1
fall_2576,1
fall_2577,1
fall_2578,1
fall_2579,1
fall_2580,1
fall_2581,1
fall_2582,1
fall_2583,1
fall_2584,1
fall_2585,1
fall_2586,1
fall_2587,1
fall_2588,1
fall_2589,1
fall_2590,1
fall_2591,1
fall_2592,1
fall_2593,1
fall_2594,1
fall_2595,1
fall_2596,1
fall_2597,1
fall_2598,1
fall_2599,1
fall_2600,1
fall_2601,1
fall_2602,1
fall_2603,1
fall_2604,1
fall_2605,1
fall_2606,1
fall_2607,1
fall_2608,1
fall_2609,1
fall_2610,1
fall_2611,1
fall_2612,1
fall_2613,1
fall_2614,1
fall_2615,1
fall_2616,1
fall_2617,1
fall_2618,1
fall_2619,1
fall_2620,1
fall_2621,1
fall_2622,1
fall_2623,1
fall_2624,1
fall_2625,1
fall_2626,1
fall_2627,1
fall_2628,1
fall_2629,1
fall_2630,1
fall_2631,1
fall_2632,1
fall_2633,1
fall_2634,1
fall_2635,1
fall_2636,1
fall_2637,1
fall_2638,1
fall_2639,1
fall_2640,1
fall_2641,1
fall_2642,1
fall_2643,1
fall_2644,1
fall_2645,1
fall_2646,1
fall_2647,1
fall_2648,1
fall_2649,1
fall_2650,1
fall_2651,1
fall_2652,1
fall_2653,1
fall_2654,1
fall_2655,1
fall_2656,1
fall_2657,1
fall_2658,1
fall_2659,1
fall_2660,1
fall_2661,1
fall_2662,1
fall_2663,1
fall_2664,1
fall_2665,1
fall_2666,1
fall_2667,1
fall_2668,1
fall_2669,1
fall_2670,1
fall_2671,1
fall_2672,1
fall_2673,1
fall_2674,1
fall_2675,1
fall_2676,1
fall_2677,1
fall_2678,1
fall_2679,1
fall_2680,1
fall_2681,1
fall_2682,1
fall_2683,1
fall_2684,1
fall_2685,1
fall_2686,1
fall_2687,1
fall_2688,1
fall_2689,1
fall_2690,1
fall_2691,1
fall_2692,1
fall_2693,1
fall_2694,1
fall_2695,1
fall_2696,1
fall_2697,1
fall_2698,1
fall_2699,1
fall_2700,1
fall_2701,1
fall_2702,1
fall_2703,1
fall_2704,1
fall_2705,1
fall_2706,1
fall_2707,1
fall_2708,1
fall_2709,1
fall_2710,1
fall_2711,1
fall_2712,1
fall_2713,1
fall_2714,1
fall_2715,1
fall_2716,1
fall_2717,1
fall_2718,1
fall_2719,1
fall_2720,1
fall_2721,1
fall_2722,1
fall_2723,1
fall_2724,1
fall_2725,1
fall_2726,1
fall_2727,1
fall_2728,1
fall_2729,1
fall_2730,1
fall_2731,1
fall_2732,1
fall_2733,1
fall_2734,1
fall_2735,1
fall_2736,1
fall_2737,1
fall_2738,1
fall_2739,1
fall_2740,1
fall_2741,1
fall_2742,1
fall_2743,1
fall_2744,1
fall_2745,1
fall_2746,1
fall_2747,1
fall_2748,1
fall_2749,1
fall_2750,1
fall_2751,1
fall_2752,1
fall_2753,1
fall_2754,1
fall_2755,1
fall_2756,1
fall_2757,1
fall_2758,1
fall_2759,1
fall_2760,1
fall_2761,1
fall_2762,1
fall_2763,1
fall_2764,1
fall_2765,1
fall_2766,1
fall_2767,1
fall_2768,1
fall_2769,1
fall_2770,1
fall_2771,1
fall_2772,1
fall_2773,1
fall_2774,1
fall_2775,1
fall_2776,1
fall_2777,1
fall_2778,1
fall_2779,1
fall_2780,1
fall_2781,1
fall_2782,1
fall_2783,1
fall_2784,1
fall_2785,1
fall_2786,1
fall_2787,1
fall_2788,1
fall_2789,1
fall_2790,1
fall_2791,1
fall_2792,1
fall_2793,1
fall_2794,1
fall_2795,1
fall_2796,1
fall_2797,1
fall_2798,1
fall_2799,1
fall_2800,1
fall_2801,1
fall_2802,1
fall_2803,1
fall_2804,1
fall_2805,1
fall_2806,1
fall_2807,1
fall_2808,1
fall_2809,1
fall_2810,1
fall_2811,1
fall_2812,1
fall_2813,1
fall_2814,1
fall_2815,1
fall_2816,1
fall_2817,1
fall_2818,1
fall_2819,1
fall_2820,1
fall_2821,1
fall_2822,1
fall_2823,1
fall_2824,1
fall_2825,1
fall_2826,1
fall_2827,1
fall_2828,1
fall_2829,1
fall_2830,1
fall_2831,1
fall_2832,1
fall_2833,1
fall_2834,1
fall_2835,1
fall_2836,1
fall_2837,1
fall_2838,1
fall_2839,1
fall_2840,1
fall_2841,1
fall_2842,1
fall_2843,1
fall_2844,1
fall_2845,1
fall_2846,1
fall_2847,1
fall_2848,1
fall_2849,1
fall_2850,1
fall_2851,1
fall_2852,1
fall_2853,1
fall_2854,1
fall_2855,1
fall_2856,1
fall_2857,1
fall_2858,1
fall_2859,1
fall_2860,1
fall_2861,1
fall_2862,1
fall_2863,1
fall_2864,1
fall_2865,1
fall_2866,1
fall_2867,1
fall_2868,1
fall_2869,1
fall_2870,1
fall_2871,1
fall_2872,1
fall_2873,1
fall_2874,1
fall_2875,1
fall_2876,1
fall_2877,1
fall_2878,1
fall_2879,1
fall_2880,1
fall_2881,1
fall_2882,1
fall_2883,1
fall_2884,1
fall_2885,1
fall_2886,1
fall_2887,1
fall_2888,1
fall_2889,1
fall_2890,1
fall_2891,1
fall_2892,1
fall_2893,1
fall_2894,1
fall_2895,1
fall_2896,1
fall_2897,1
fall_2898,1
fall_2899,1
fall_2900,1
fall_2901,1
fall_2902,1
fall_2903,1
fall_2904,1
fall_2905,1
fall_2906,1
fall_2907,1
fall_2908,1
fall_2909,1
fall_2910,1
fall_2911,1
fall_2912,1
fall_2913,1
fall_2914,1
fall_2915,1
fall_2916,1
fall_2917,1
fall_2918,1
fall_2919,1
fall_2920,1
fall_2921,1
fall_2922,1
fall_2923,1
fall_2924,1
fall_2925,1
fall_2926,1
fall_2927,1
fall_2928,1
fall_2929,1
fall_2930,1
fall_2931,1
fall_2932,1
fall_2933,1
fall_2934,1
fall_2935,1
fall_2936,1
fall_2937,1
fall_2938,1
fall_2939,1
fall_2940,1
fall_2941,1
fall_2942,1
fall_2943,1
fall_2944,1
fall_2945,1
fall_2946,1
fall_2947,1
fall_2948,1
fall_2949,1
fall_2950,1
fall_2951,1
fall_2952,1
fall_2953,1
fall_2954,1
fall_2955,1
fall_2956,1
fall_2957,1
fall_2958,1
fall_2959,1
fall_2960,1
fall_2961,1
fall_2962,1
fall_2963,1
fall_2964,1
fall_2965,1
fall_2966,1
fall_2967,1
fall_2968,1
fall_2969,1
fall_2970,1
fall_2971,1
fall_2972,1
fall_2973,1
fall_2974,1
fall_2975,1
fall_2976,1
fall_2977,1
fall_2978,1
fall_2979,1
fall_2980,1
fall_2981,1
fall_2982,1
fall_2983,1
fall_2984,1
fall_2985,1
fall_2986,1
fall_2987,1
fall_2988,1
fall_2989,1
fall_2990,1
fall_2991,1
fall_2992,1
fall_2993,1
fall_2994,1
fall_2995,1
fall_2996,1
fall_2997,1
fall_2998,1
fall_2999,1
fall_3000,1
fall_3001,1
fall_3002,1
fall_3003,1
fall_3004,1
fall_3005,1
fall_3006,1
fall_3007,1
fall_3008,1
fall_3009,1
fall_3010,1
fall_3011,1
fall_3012,1
fall_3013,1
fall_3014,1
fall_3015,1
fall_3016,1
fall_3017,1
fall_3018,1
fall_3019,1
fall_3020,1
fall_3021,1
fall_3022,1
fall_3023,1
fall_3024,1
fall_3025,1
fall_3026,1
fall_3027,1
fall_3028,1
fall_3029,1
fall_3030,1
fall_3031,1
fall_3032,1
fall_3033,1
fall_3034,1
fall_3035,1
fall_3036,1
fall_3037,1
fall_3038,1
fall_3039,1
fall_3040,1
fall_3041,1
fall_3042,1
fall_3043,1
fall_3044,1
fall_3045,1
fall_3046,1
fall_3047,1
fall_3048,1
fall_3049,1
fall_3050,1
fall_3051,1
fall_3052,1
fall_3053,1
fall_3054,1
fall_3055,1
fall_3056,1
fall_3057,1
fall_3058,1
fall_3059,1
fall_3060,1
fall_3061,1
fall_3062,1
fall_3063,1
fall_3064,1
fall_3065,1
fall_3066,1
fall_3067,1
fall_3068,1
fall_3069,1
fall_3070,1
fall_3071,1
fall_3072,1
fall_3073,1
fall_3074,1
fall_3075,1
fall_3076,1
fall_3077,1
fall_3078,1
fall_3079,1
fall_3080,1
fall_3081,1
fall_3082,1
fall_3083,1
fall_3084,1
fall_3085,1
fall_3086,1
fall_3087,1
fall_3088,1
fall_3089,1
fall_3090,1
fall_3091,1
fall_3092,1
fall_3093,1
fall_3094,1
fall_3095,1
fall_3096,1
fall_3097,1
fall_3098,1
fall_3099,1
fall_3100,1
fall_3101,1
fall_3102,1
fall_3103,1
fall_3104,1
fall_3105,1
fall_3106,1
fall_3107,1
fall_3108,1
fall_3109,1
fall_3110,1
fall_3111,1
fall_3112,1
no_fall_0001,0
no_fall_0002,0
no_fall_0003,0
no_fall_0004,0
no_fall_0005,0
no_fall_0006,0
no_fall_0007,0
no_fall_0008,0
no_fall_0009,0
no_fall_0010,0
no_fall_0011,0
no_fall_0012,0
no_fall_0013,0
no_fall_0014,0
no_fall_0015,0
no_fall_0016,0
no_fall_0017,0
no_fall_0018,0
no_fall_0019,0
no_fall_0020,0
no_fall_0021,0
no_fall_0022,0
no_fall_0023,0
no_fall_0024,0
no_fall_0025,0
no_fall_0026,0
no_fall_0027,0
no_fall_0028,0
no_fall_0029,0
no_fall_0030,0
no_fall_0031,0
no_fall_0032,0
no_fall_0033,0
no_fall_0034,0
no_fall_0035,0
no_fall_0036,0
no_fall_0037,0
no_fall_0038,0
no_fall_0039,0
no_fall_0040,0
no_fall_0041,0
no_fall_0042,0
no_fall_0043,0
no_fall_0044,0
no_fall_0045,0
no_fall_0046,0
no_fall_0047,0
no_fall_0048,0
no_fall_0049,0
no_fall_0050,0
no_fall_0051,0
no_fall_0052,0
no_fall_0053,0
no_fall_0054,0
no_fall_0055,0
no_fall_0056,0
no_fall_0057,0
no_fall_0058,0
no_fall_0059,0
no_fall_0060,0
no_fall_0061,0
no_fall_0062,0
no_fall_0063,0
no_fall_0064,0
no_fall_0065,0
no_fall_0066,0
no_fall_0067,0
no_fall_0068,0
no_fall_0069,0
no_fall_0070,0
no_fall_0071,0
no_fall_0072,0
no_fall_0073,0
no_fall_0074,0
no_fall_0075,0
no_fall_0076,0
no_fall_0077,0
no_fall_0078,0
no_fall_0079,0
no_fall_0080,0
no_fall_0081,0
no_fall_0082,0
no_fall_0083,0
no_fall_0084,0
no_fall_0085,0
no_fall_0086,0
no_fall_0087,0
no_fall_0088,0
no_fall_0089,0
no_fall_0090,0
no_fall_0091,0
no_fall_0092,0
no_fall_0093,0
no_fall_0094,0
no_fall_0095,0
no_fall_0096,0
no_fall_0097,0
no_fall_0098,0
no_fall_0099,0
no_fall_0100,0
no_fall_0101,0
no_fall_0102,0
no_fall_0103,0
no_fall_0104,0
no_fall_0105,0
no_fall_0106,0
no_fall_0107,0
no_fall_0108,0
no_fall_0109,0
no_fall_0110,0
no_fall_0111,0
no_fall_0112,0
no_fall_0113,0
no_fall_0114,0
no_fall_0115,0
no_fall_0116,0
no_fall_0117,0
no_fall_0118,0
no_fall_0119,0
no_fall_0120,0
no_fall_0121,0
no_fall_0122,0
no_fall_0123,0
no_fall_0124,0
no_fall_0125,0
no_fall_0126,0
no_fall_0127,0
no_fall_0128,0
no_fall_0129,0
no_fall_0130,0
no_fall_0131,0
no_fall_0132,0
no_fall_0133,0
no_fall_0134,0
no_fall_0135,0
no_fall_0136,0
no_fall_0137,0
no_fall_0138,0
no_fall_0139,0
no_fall_0140,0
no_fall_0141,0
no_fall_0142,0
no_fall_0143,0
no_fall_0144,0
no_fall_0145,0
no_fall_0146,0
no_fall_0147,0
no_fall_0148,0
no_fall_0149,0
no_fall_0150,0
no_fall_0151,0
no_fall_0152,0
no_fall_0153,0
no_fall_0154,0
no_fall_0155,0
no_fall_0156,0
no_fall_0157,0
no_fall_0158,0
no_fall_0159,0
no_fall_0160,0
no_fall_0161,0
no_fall_0162,0
no_fall_0163,0
no_fall_0164,0
no_fall_0165,0
no_fall_0166,0
no_fall_0167,0
no_fall_0168,0
no_fall_0169,0
no_fall_0170,0
no_fall_0171,0
no_fall_0172,0
no_fall_0173,0
no_fall_0174,0
no_fall_0175,0
no_fall_0176,0
no_fall_0177,0
no_fall_0178,0
no_fall_0179,0
no_fall_0180,0
no_fall_0181,0
no_fall_0182,0
no_fall_0183,0
no_fall_0184,0
no_fall_0185,0
no_fall_0186,0
no_fall_0187,0
no_fall_0188,0
no_fall_0189,0
no_fall_0190,0
no_fall_0191,0
no_fall_0192,0
no_fall_0193,0
no_fall_0194,0
no_fall_0195,0
no_fall_0196,0
no_fall_0197,0
no_fall_0198,0
no_fall_0199,0
no_fall_0200,0
no_fall_0201,0
no_fall_0202,0
no_fall_0203,0
no_fall_0204,0
no_fall_0205,0
no_fall_0206,0
no_fall_0207,0
no_fall_0208,0
no_fall_0209,0
no_fall_0210,0
no_fall_0211,0
no_fall_0212,0
no_fall_0213,0
no_fall_0214,0
no_fall_0215,0
no_fall_0216,0
no_fall_0217,0
no_fall_0218,0
no_fall_0219,0
no_fall_0220,0
no_fall_0221,0
no_fall_0222,0
no_fall_0223,0
no_fall_0224,0
no_fall_0225,0
no_fall_0226,0
no_fall_0227,0
no_fall_0228,0
no_fall_0229,0
no_fall_0230,0
no_fall_0231,0
no_fall_0232,0
no_fall_0233,0
no_fall_0234,0
no_fall_0235,0
no_fall_0236,0
no_fall_0237,0
no_fall_0238,0
no_fall_0239,0
no_fall_0240,0
no_fall_0241,0
no_fall_0242,0
no_fall_0243,0
no_fall_0244,0
no_fall_0245,0
no_fall_0246,0
no_fall_0247,0
no_fall_0248,0
no_fall_0249,0
no_fall_0250,0
no_fall_0251,0
no_fall_0252,0
no_fall_0253,0
no_fall_0254,0
no_fall_0255,0
no_fall_0256,0
no_fall_0257,0
no_fall_0258,0
no_fall_0259,0
no_fall_0260,0
no_fall_0261,0
no_fall_0262,0
no_fall_0263,0
no_fall_0264,0
no_fall_0265,0
no_fall_0266,0
no_fall_0267,0
no_fall_0268,0
no_fall_0269,0
no_fall_0270,0
no_fall_0271,0
no_fall_0272,0
no_fall_0273,0
no_fall_0274,0
no_fall_0275,0
no_fall_0276,0
no_fall_0277,0
no_fall_0278,0
no_fall_0279,0
no_fall_0280,0
no_fall_0281,0
no_fall_0282,0
no_fall_0283,0
no_fall_0284,0
no_fall_0285,0
no_fall_0286,0
no_fall_0287,0
no_fall_0288,0
no_fall_0289,0
no_fall_0290,0
no_fall_0291,0
no_fall_0292,0
no_fall_0293,0
no_fall_0294,0
no_fall_0295,0
no_fall_0296,0
no_fall_0297,0
no_fall_0298,0
no_fall_0299,0
no_fall_0300,0
no_fall_0301,0
no_fall_0302,0
no_fall_0303,0
no_fall_0304,0
no_fall_0305,0
no_fall_0306,0
no_fall_0307,0
no_fall_0308,0
no_fall_0309,0
no_fall_0310,0
no_fall_0311,0
no_fall_0312,0
no_fall_0313,0
no_fall_0314,0
no_fall_0315,0
no_fall_0316,0
no_fall_0317,0
no_fall_0318,0
no_fall_0319,0
no_fall_0320,0
no_fall_0321,0
no_fall_0322,0
no_fall_0323,0
no_fall_0324,0
no_fall_0325,0
no_fall_0326,0
no_fall_0327,0
no_fall_0328,0
no_fall_0329,0
no_fall_0330,0
no_fall_0331,0
no_fall_0332,0
no_fall_0333,0
no_fall_0334,0
no_fall_0335,0
no_fall_0336,0
no_fall_0337,0
no_fall_0338,0
no_fall_0339,0
no_fall_0340,0
no_fall_0341,0
no_fall_0342,0
no_fall_0343,0
no_fall_0344,0
no_fall_0345,0
no_fall_0346,0
no_fall_0347,0
no_fall_0348,0
no_fall_0349,0
no_fall_0350,0
no_fall_0351,0
no_fall_0352,0
no_fall_0353,0
no_fall_0354,0
no_fall_0355,0
no_fall_0356,0
no_fall_0357,0
no_fall_0358,0
no_fall_0359,0
no_fall_0360,0
no_fall_0361,0
no_fall_0362,0
no_fall_0363,0
no_fall_0364,0
no_fall_0365,0
no_fall_0366,0
no_fall_0367,0
no_fall_0368,0
no_fall_0369,0
no_fall_0370,0
no_fall_0371,0
no_fall_0372,0
no_fall_0373,0
no_fall_0374,0
no_fall_0375,0
no_fall_0376,0
no_fall_0377,0
no_fall_0378,0
no_fall_0379,0
no_fall_0380,0
no_fall_0381,0
no_fall_0382,0
no_fall_0383,0
no_fall_0384,0
no_fall_0385,0
no_fall_0386,0
no_fall_0387,0
no_fall_0388,0
no_fall_0389,0
no_fall_0390,0
no_fall_0391,0
no_fall_0392,0
no_fall_0393,0
no_fall_0394,0
no_fall_0395,0
no_fall_0396,0
no_fall_0397,0
no_fall_0398,0
no_fall_0399,0
no_fall_0400,0
no_fall_0401,0
no_fall_0402,0
no_fall_0403,0
no_fall_0404,0
no_fall_0405,0
no_fall_0406,0
no_fall_0407,0
no_fall_0408,0
no_fall_0409,0
no_fall_0410,0
no_fall_0411,0
no_fall_0412,0
no_fall_0413,0
no_fall_0414,0
no_fall_0415,0
no_fall_0416,0
no_fall_0417,0
no_fall_0418,0
no_fall_0419,0
no_fall_0420,0
no_fall_0421,0
no_fall_0422,0
no_fall_0423,0
no_fall_0424,0
no_fall_0425,0
no_fall_0426,0
no_fall_0427,0
no_fall_0428,0
no_fall_0429,0
no_fall_0430,0
no_fall_0431,0
no_fall_0432,0
no_fall_0433,0
no_fall_0434,0
no_fall_0435,0
no_fall_0436,0
no_fall_0437,0
no_fall_0438,0
no_fall_0439,0
no_fall_0440,0
no_fall_0441,0
no_fall_0442,0
no_fall_0443,0
no_fall_0444,0
no_fall_0445,0
no_fall_0446,0
no_fall_0447,0
no_fall_0448,0
no_fall_0449,0
no_fall_0450,0
no_fall_0451,0
no_fall_0452,0
no_fall_0453,0
no_fall_0454,0
no_fall_0455,0
no_fall_0456,0
no_fall_0457,0
no_fall_0458,0
no_fall_0459,0
no_fall_0460,0
no_fall_0461,0
no_fall_0462,0
no_fall_0463,0
no_fall_0464,0
no_fall_0465,0
no_fall_0466,0
no_fall_0467,0
no_fall_0468,0
no_fall_0469,0
no_fall_0470,0
no_fall_0471,0
no_fall_0472,0
no_fall_0473,0
no_fall_0474,0
no_fall_0475,0
no_fall_0476,0
no_fall_0477,0
no_fall_0478,0
no_fall_0479,0
no_fall_0480,0
no_fall_0481,0
no_fall_0482,0
no_fall_0483,0
no_fall_0484,0
no_fall_0485,0
no_fall_0486,0
no_fall_0487,0
no_fall_0488,0
no_fall_0489,0
no_fall_0490,0
no_fall_0491,0
no_fall_0492,0
no_fall_0493,0
no_fall_0494,0
no_fall_0495,0
no_fall_0496,0
no_fall_0497,0
no_fall_0498,0
no_fall_0499,0
no_fall_0500,0
no_fall_0501,0
no_fall_0502,0
no_fall_0503,0
no_fall_0504,0
no_fall_0505,0
no_fall_0506,0
no_fall_0507,0
no_fall_0508,0
no_fall_0509,0
no_fall_0510,0
no_fall_0511,0
no_fall_0512,0
no_fall_0513,0
no_fall_0514,0
no_fall_0515,0
no_fall_0516,0
no_fall_0517,0
no_fall_0518,0
no_fall_0519,0
no_fall_0520,0
no_fall_0521,0
no_fall_0522,0
no_fall_0523,0
no_fall_0524,0
no_fall_0525,0
no_fall_0526,0
no_fall_0527,0
no_fall_0528,0
no_fall_0529,0
no_fall_0530,0
no_fall_0531,0
no_fall_0532,0
no_fall_0533,0
no_fall_0534,0
no_fall_0535,0
no_fall_0536,0
no_fall_0537,0
no_fall_0538,0
no_fall_0539,0
no_fall_0540,0
no_fall_0541,0
no_fall_0542,0
no_fall_0543,0
no_fall_0544,0
no_fall_0545,0
no_fall_0546,0
no_fall_0547,0
no_fall_0548,0
no_fall_0549,0
no_fall_0550,0
no_fall_0551,0
no_fall_0552,0
no_fall_0553,0
no_fall_0554,0
no_fall_0555,0
no_fall_0556,0
no_fall_0557,0
no_fall_0558,0
no_fall_0559,0
no_fall_0560,0
no_fall_0561,0
no_fall_0562,0
no_fall_0563,0
no_fall_0564,0
no_fall_0565,0
no_fall_0566,0
no_fall_0567,0
no_fall_0568,0
no_fall_0569,0
no_fall_0570,0
no_fall_0571,0
no_fall_0572,0
no_fall_0573,0
no_fall_0574,0
no_fall_0575,0
no_fall_0576,0
no_fall_0577,0
no_fall_0578,0
no_fall_0579,0
no_fall_0580,0
no_fall_0581,0
no_fall_0582,0
no_fall_0583,0
no_fall_0584,0
no_fall_0585,0
no_fall_0586,0
no_fall_0587,0
no_fall_0588,0
no_fall_0589,0
no_fall_0590,0
no_fall_0591,0
no_fall_0592,0
no_fall_0593,0
no_fall_0594,0
no_fall_0595,0
no_fall_0596,0
no_fall_0597,0
no_fall_0598,0
no_fall_0599,0
no_fall_0600,0
no_fall_0601,0
no_fall_0602,0
no_fall_0603,0
no_fall_0604,0
no_fall_0605,0
no_fall_0606,0
no_fall_0607,0
no_fall_0608,0
no_fall_0609,0
no_fall_0610,0
no_fall_0611,0
no_fall_0612,0
no_fall_0613,0
no_fall_0614,0
no_fall_0615,0
no_fall_0616,0
no_fall_0617,0
no_fall_0618,0
no_fall_0619,0
no_fall_0620,0
no_fall_0621,0
no_fall_0622,0
no_fall_0623,0
no_fall_0624,0
no_fall_0625,0
no_fall_0626,0
no_fall_0627,0
no_fall_0628,0
no_fall_0629,0
no_fall_0630,0
no_fall_0631,0
no_fall_0632,0
no_fall_0633,0
no_fall_0634,0
no_fall_0635,0
no_fall_0636,0
no_fall_0637,0
no_fall_0638,0
no_fall_0639,0
no_fall_0640,0
no_fall_0641,0
no_fall_0642,0
no_fall_0643,0
no_fall_0644,0
no_fall_0645,0
no_fall_0646,0
no_fall_0647,0
no_fall_0648,0
no_fall_0649,0
no_fall_0650,0
no_fall_0651,0
no_fall_0652,0
no_fall_0653,0
no_fall_0654,0
no_fall_0655,0
no_fall_0656,0
no_fall_0657,0
no_fall_0658,0
no_fall_0659,0
no_fall_0660,0
no_fall_0661,0
no_fall_0662,0
no_fall_0663,0
no_fall_0664,0
no_fall_0665,0
no_fall_0666,0
no_fall_0667,0
no_fall_0668,0
no_fall_0669,0
no_fall_0670,0
no_fall_0671,0
no_fall_0672,0
no_fall_0673,0
no_fall_0674,0
no_fall_0675,0
no_fall_0676,0
no_fall_0677,0
no_fall_0678,0
no_fall_0679,0
no_fall_0680,0
no_fall_0681,0
no_fall_0682,0
no_fall_0683,0
no_fall_0684,0
no_fall_0685,0
no_fall_0686,0
no_fall_0687,0
no_fall_0688,0
no_fall_0689,0
no_fall_0690,0
no_fall_0691,0
no_fall_0692,0
no_fall_0693,0
no_fall_0694,0
no_fall_0695,0
no_fall_0696,0
no_fall_0697,0
no_fall_0698,0
no_fall_0699,0
no_fall_0700,0
no_fall_0701,0
no_fall_0702,0
no_fall_0703,0
no_fall_0704,0
no_fall_0705,0
no_fall_0706,0
no_fall_0707,0
no_fall_0708,0
no_fall_0709,0
no_fall_0710,0
no_fall_0711,0
no_fall_0712,0
no_fall_0713,0
no_fall_0714,0
no_fall_0715,0
no_fall_0716,0
no_fall_0717,0
no_fall_0718,0
no_fall_0719,0
no_fall_0720,0
no_fall_0721,0
no_fall_0722,0
no_fall_0723,0
no_fall_0724,0
no_fall_0725,0
no_fall_0726,0
no_fall_0727,0
no_fall_0728,0
no_fall_0729,0
no_fall_0730,0
no_fall_0731,0
no_fall_0732,0
no_fall_0733,0
no_fall_0734,0
no_fall_0735,0
no_fall_0736,0
no_fall_0737,0
no_fall_0738,0
no_fall_0739,0
no_fall_0740,0
no_fall_0741,0
no_fall_0742,0
no_fall_0743,0
no_fall_0744,0
no_fall_0745,0
no_fall_0746,0
no_fall_0747,0
no_fall_0748,0
no_fall_0749,0
no_fall_0750,0
no_fall_0751,0
no_fall_0752,0
no_fall_0753,0
no_fall_0754,0
no_fall_0755,0
no_fall_0756,0
no_fall_0757,0
no_fall_0758,0
no_fall_0759,0
no_fall_0760,0
no_fall_0761,0
no_fall_0762,0
no_fall_0763,0
no_fall_0764,0
no_fall_0765,0
no_fall_0766,0
no_fall_0767,0
no_fall_0768,0
no_fall_0769,0
no_fall_0770,0
no_fall_0771,0
no_fall_0772,0
no_fall_0773,0
no_fall_0774,0
no_fall_0775,0
no_fall_0776,0
no_fall_0777,0
no_fall_0778,0
no_fall_0779,0
no_fall_0780,0
no_fall_0781,0
no_fall_0782,0
no_fall_0783,0
no_fall_0784,0
no_fall_0785,0
no_fall_0786,0
no_fall_0787,0
no_fall_0788,0
no_fall_0789,0
no_fall_0790,0
no_fall_0791,0
no_fall_0792,0
no_fall_0793,0
no_fall_0794,0
no_fall_0795,0
no_fall_0796,0
no_fall_0797,0
no_fall_0798,0
no_fall_0799,0
no_fall_0800,0
no_fall_0801,0
no_fall_0802,0
no_fall_0803,0
no_fall_0804,0
no_fall_0805,0
no_fall_0806,0
no_fall_0807,0
no_fall_0808,0
no_fall_0809,0
no_fall_0810,0
no_fall_0811,0
no_fall_0812,0
no_fall_0813,0
no_fall_0814,0
no_fall_0815,0
no_fall_0816,0
no_fall_0817,0
no_fall_0818,0
no_fall_0819,0
no_fall_0820,0
no_fall_0821,0
no_fall_0822,0
no_fall_0823,0
no_fall_0824,0
no_fall_0825,0
no_fall_0826,0
no_fall_0827,0
no_fall_0828,0
no_fall_0829,0
no_fall_0830,0
no_fall_0831,0
no_fall_0832,0
no_fall_0833,0
no_fall_0834,0
no_fall_0835,0
no_fall_0836,0
no_fall_0837,0
no_fall_0838,0
no_fall_0839,0
no_fall_0840,0
no_fall_0841,0
no_fall_0842,0
no_fall_0843,0
no_fall_0844,0
no_fall_0845,0
no_fall_0846,0
no_fall_0847,0
no_fall_0848,0
no_fall_0849,0
no_fall_0850,0
no_fall_0851,0
no_fall_0852,0
no_fall_0853,0
no_fall_0854,0
no_fall_0855,0
no_fall_0856,0
no_fall_0857,0
no_fall_0858,0
no_fall_0859,0
no_fall_0860,0
no_fall_0861,0
no_fall_0862,0
no_fall_0863,0
no_fall_0864,0
no_fall_0865,0
no_fall_0866,0
no_fall_0867,0
no_fall_0868,0
no_fall_0869,0
no_fall_0870,0
no_fall_0871,0
no_fall_0872,0
no_fall_0873,0
no_fall_0874,0
no_fall_0875,0
no_fall_0876,0
no_fall_0877,0
no_fall_0878,0
no_fall_0879,0
no_fall_0880,0
no_fall_0881,0
no_fall_0882,0
no_fall_0883,0
no_fall_0884,0
no_fall_0885,0
no_fall_0886,0
no_fall_0887,0
no_fall_0888,0
no_fall_0889,0
no_fall_0890,0
no_fall_0891,0
no_fall_0892,0
no_fall_0893,0
no_fall_0894,0
no_fall_0895,0
no_fall_0896,0
no_fall_0897,0
no_fall_0898,0
no_fall_0899,0
no_fall_0900,0
no_fall_0901,0
no_fall_0902,0
no_fall_0903,0
no_fall_0904,0
no_fall_0905,0
no_fall_0906,0
no_fall_0907,0
no_fall_0908,0
no_fall_0909,0
no_fall_0910,0
no_fall_0911,0
no_fall_0912,0
no_fall_0913,0
no_fall_0914,0
no_fall_0915,0
no_fall_0916,0
no_fall_0917,0
no_fall_0918,0
no_fall_0919,0
no_fall_0920,0
no_fall_0921,0
no_fall_0922,0
no_fall_0923,0
no_fall_0924,0
no_fall_0925,0
no_fall_0926,0
no_fall_0927,0
no_fall_0928,0
no_fall_0929,0
no_fall_0930,0
no_fall_0931,0
no_fall_0932,0
no_fall_0933,0
no_fall_0934,0
no_fall_0935,0
no_fall_0936,0
no_fall_0937,0
no_fall_0938,0
no_fall_0939,0
no_fall_0940,0
no_fall_0941,0
no_fall_0942,0
no_fall_0943,0
no_fall_0944,0
no_fall_0945,0
no_fall_0946,0
no_fall_0947,0
no_fall_0948,0
no_fall_0949,0
no_fall_0950,0
no_fall_0951,0
no_fall_0952,0
no_fall_0953,0
no_fall_0954,0
no_fall_0955,0
no_fall_0956,0
no_fall_0957,0
no_fall_0958,0
no_fall_0959,0
no_fall_0960,0
no_fall_0961,0
no_fall_0962,0
no_fall_0963,0
no_fall_0964,0
no_fall_0965,0
no_fall_0966,0
no_fall_0967,0
no_fall_0968,0
no_fall_0969,0
no_fall_0970,0
no_fall_0971,0
no_fall_0972,0
no_fall_0973,0
no_fall_0974,0
no_fall_0975,0
no_fall_0976,0
no_fall_0977,0
no_fall_0978,0
no_fall_0979,0
no_fall_0980,0
no_fall_0981,0
no_fall_0982,0
no_fall_0983,0
no_fall_0984,0
no_fall_0985,0
no_fall_0986,0
no_fall_0987,0
no_fall_0988,0
no_fall_0989,0
no_fall_0990,0
no_fall_0991,0
no_fall_0992,0
no_fall_0993,0
no_fall_0994,0
no_fall_0995,0
no_fall_0996,0
no_fall_0997,0
no_fall_0998,0
no_fall_0999,0
no_fall_1000,0
no_fall_1001,0
no_fall_1002,0
no_fall_1003,0
no_fall_1004,0
no_fall_1005,0
no_fall_1006,0
no_fall_1007,0
no_fall_1008,0
no_fall_1009,0
no_fall_1010,0
no_fall_1011,0
no_fall_1012,0
no_fall_1013,0
no_fall_1014,0
no_fall_1015,0
no_fall_1016,0
no_fall_1017,0
no_fall_1018,0
no_fall_1019,0
no_fall_1020,0
no_fall_1021,0
no_fall_1022,0
no_fall_1023,0
no_fall_1024,0
no_fall_1025,0
no_fall_1026,0
no_fall_1027,0
no_fall_1028,0
no_fall_1029,0
no_fall_1030,0
no_fall_1031,0
no_fall_1032,0
no_fall_1033,0
no_fall_1034,0
no_fall_1035,0
no_fall_1036,0
no_fall_1037,0
no_fall_1038,0
no_fall_1039,0
no_fall_1040,0
no_fall_1041,0
no_fall_1042,0
no_fall_1043,0
no_fall_1044,0
no_fall_1045,0
no_fall_1046,0
no_fall_1047,0
no_fall_1048,0
no_fall_1049,0
no_fall_1050,0
no_fall_1051,0
no_fall_1052,0
no_fall_1053,0
no_fall_1054,0
no_fall_1055,0
no_fall_1056,0
no_fall_1057,0
no_fall_1058,0
no_fall_1059,0
no_fall_1060,0
no_fall_1061,0
no_fall_1062,0
no_fall_1063,0
no_fall_1064,0
no_fall_1065,0
no_fall_1066,0
no_fall_1067,0
no_fall_1068,0
no_fall_1069,0
no_fall_1070,0
no_fall_1071,0
no_fall_1072,0
no_fall_1073,0
no_fall_1074,0
no_fall_1075,0
no_fall_1076,0
no_fall_1077,0
no_fall_1078,0
no_fall_1079,0
no_fall_1080,0
no_fall_1081,0
no_fall_1082,0
no_fall_1083,0
no_fall_1084,0
no_fall_1085,0
no_fall_1086,0
no_fall_1087,0
no_fall_1088,0
no_fall_1089,0
no_fall_1090,0
no_fall_1091,0
no_fall_1092,0
no_fall_1093,0
no_fall_1094,0
no_fall_1095,0
no_fall_1096,0
no_fall_1097,0
no_fall_1098,0
no_fall_1099,0
no_fall_1100,0
no_fall_1101,0
no_fall_1102,0
no_fall_1103,0
no_fall_1104,0
no_fall_1105,0
no_fall_1106,0
no_fall_1107,0
no_fall_1108,0
no_fall_1109,0
no_fall_1110,0
no_fall_1111,0
no_fall_1112,0
no_fall_1113,0
no_fall_1114,0
no_fall_1115,0
no_fall_1116,0
no_fall_1117,0
no_fall_1118,0
no_fall_1119,0
no_fall_1120,0
no_fall_1121,0
no_fall_1122,0
no_fall_1123,0
no_fall_1124,0
no_fall_1125,0
no_fall_1126,0
no_fall_1127,0
no_fall_1128,0
no_fall_1129,0
no_fall_1130,0
no_fall_1131,0
no_fall_1132,0
no_fall_1133,0
no_fall_1134,0
no_fall_1135,0
no_fall_1136,0
no_fall_1137,0
no_fall_1138,0
no_fall_1139,0
no_fall_1140,0
no_fall_1141,0
no_fall_1142,0
no_fall_1143,0
no_fall_1144,0
no_fall_1145,0
no_fall_1146,0
no_fall_1147,0
no_fall_1148,0
no_fall_1149,0
no_fall_1150,0
no_fall_1151,0
no_fall_1152,0
no_fall_1153,0
no_fall_1154,0
no_fall_1155,0
no_fall_1156,0
no_fall_1157,0
no_fall_1158,0
no_fall_1159,0
no_fall_1160,0
no_fall_1161,0
no_fall_1162,0
no_fall_1163,0
no_fall_1164,0
no_fall_1165,0
no_fall_1166,0
no_fall_1167,0
no_fall_1168,0
no_fall_1169,0
no_fall_1170,0
no_fall_1171,0
no_fall_1172,0
no_fall_1173,0
no_fall_1174,0
no_fall_1175,0
no_fall_1176,0
no_fall_1177,0
no_fall_1178,0
no_fall_1179,0
no_fall_1180,0
no_fall_1181,0
no_fall_1182,0
no_fall_1183,0
no_fall_1184,0
no_fall_1185,0
no_fall_1186,0
no_fall_1187,0
no_fall_1188,0
no_fall_1189,0
no_fall_1190,0
no_fall_1191,0
no_fall_1192,0
no_fall_1193,0
no_fall_1194,0
no_fall_1195,0
no_fall_1196,0
no_fall_1197,0
no_fall_1198,0
no_fall_1199,0
no_fall_1200,0
no_fall_1201,0
no_fall_1202,0
no_fall_1203,0
no_fall_1204,0
no_fall_1205,0
no_fall_1206,0
no_fall_1207,0
no_fall_1208,0
no_fall_1209,0
no_fall_1210,0
no_fall_1211,0
no_fall_1212,0
no_fall_1213,0
no_fall_1214,0
no_fall_1215,0
no_fall_1216,0
no_fall_1217,0
no_fall_1218,0
no_fall_1219,0
no_fall_1220,0
no_fall_1221,0
no_fall_1222,0
no_fall_1223,0
no_fall_1224,0
no_fall_1225,0
no_fall_1226,0
no_fall_1227,0
no_fall_1228,0
no_fall_1229,0
no_fall_1230,0
no_fall_1231,0
no_fall_1232,0
no_fall_1233,0
no_fall_1234,0
no_fall_1235,0
no_fall_1236,0
no_fall_1237,0
no_fall_1238,0
no_fall_1239,0
no_fall_1240,0
no_fall_1241,0
no_fall_1242,0
no_fall_1243,0
no_fall_1244,0
no_fall_1245,0
no_fall_1246,0
no_fall_1247,0
no_fall_1248,0
no_fall_1249,0
no_fall_1250,0
no_fall_1251,0
no_fall_1252,0
no_fall_1253,0
no_fall_1254,0
no_fall_1255,0
no_fall_1256,0
no_fall_1257,0
no_fall_1258,0
no_fall_1259,0
no_fall_1260,0
no_fall_1261,0
no_fall_1262,0
no_fall_1263,0
no_fall_1264,0
no_fall_1265,0
no_fall_1266,0
no_fall_1267,0
no_fall_1268,0
no_fall_1269,0
no_fall_1270,0
no_fall_1271,0
no_fall_1272,0
no_fall_1273,0
no_fall_1274,0
no_fall_1275,0
no_fall_1276,0
no_fall_1277,0
no_fall_1278,0
no_fall_1279,0
no_fall_1280,0
no_fall_1281,0
no_fall_1282,0
no_fall_1283,0
no_fall_1284,0
no_fall_1285,0
no_fall_1286,0
no_fall_1287,0
no_fall_1288,0
no_fall_1289,0
no_fall_1290,0
no_fall_1291,0
no_fall_1292,0
no_fall_1293,0
no_fall_1294,0
no_fall_1295,0
no_fall_1296,0
no_fall_1297,0
no_fall_1298,0
no_fall_1299,0
no_fall_1300,0
no_fall_1301,0
no_fall_1302,0
no_fall_1303,0
no_fall_1304,0
no_fall_1305,0
no_fall_1306,0
no_fall_1307,0
no_fall_1308,0
no_fall_1309,0
no_fall_1310,0
no_fall_1311,0
no_fall_1312,0
no_fall_1313,0
no_fall_1314,0
no_fall_1315,0
no_fall_1316,0
no_fall_1317,0
no_fall_1318,0
no_fall_1319,0
no_fall_1320,0
no_fall_1321,0
no_fall_1322,0
no_fall_1323,0
no_fall_1324,0
no_fall_1325,0
no_fall_1326,0
no_fall_1327,0
no_fall_1328,0
no_fall_1329,0
no_fall_1330,0
no_fall_1331,0
no_fall_1332,0
no_fall_1333,0
no_fall_1334,0
no_fall_1335,0
no_fall_1336,0
no_fall_1337,0
no_fall_1338,0
no_fall_1339,0
no_fall_1340,0
no_fall_1341,0
no_fall_1342,0
no_fall_1343,0
no_fall_1344,0
no_fall_1345,0
no_fall_1346,0
no_fall_1347,0
no_fall_1348,0
no_fall_1349,0
no_fall_1350,0
no_fall_1351,0
no_fall_1352,0
no_fall_1353,0
no_fall_1354,0
no_fall_1355,0
no_fall_1356,0
no_fall_1357,0
no_fall_1358,0
no_fall_1359,0
no_fall_1360,0
no_fall_1361,0
no_fall_1362,0
no_fall_1363,0
no_fall_1364,0
no_fall_1365,0
no_fall_1366,0
no_fall_1367,0
no_fall_1368,0
no_fall_1369,0
no_fall_1370,0
no_fall_1371,0
no_fall_1372,0
no_fall_1373,0
no_fall_1374,0
no_fall_1375,0
no_fall_1376,0
no_fall_1377,0
no_fall_1378,0
no_fall_1379,0
no_fall_1380,0
no_fall_1381,0
no_fall_1382,0
no_fall_1383,0
no_fall_1384,0
no_fall_1385,0
no_fall_1386,0
no_fall_1387,0
no_fall_1388,0
no_fall_1389,0
no_fall_1390,0
no_fall_1391,0
no_fall_1392,0
no_fall_1393,0
no_fall_1394,0
no_fall_1395,0
no_fall_1396,0
no_fall_1397,0
no_fall_1398,0
no_fall_1399,0
no_fall_1400,0
no_fall_1401,0
no_fall_1402,0
no_fall_1403,0
no_fall_1404,0
no_fall_1405,0
no_fall_1406,0
no_fall_1407,0
no_fall_1408,0
no_fall_1409,0
no_fall_1410,0
no_fall_1411,0
no_fall_1412,0
no_fall_1413,0
no_fall_1414,0
no_fall_1415,0
no_fall_1416,0
no_fall_1417,0
no_fall_1418,0
no_fall_1419,0
no_fall_1420,0
no_fall_1421,0
no_fall_1422,0
no_fall_1423,0
no_fall_1424,0
no_fall_1425,0
no_fall_1426,0
no_fall_1427,0
no_fall_1428,0
no_fall_1429,0
no_fall_1430,0
no_fall_1431,0
no_fall_1432,0
no_fall_1433,0
no_fall_1434,0
no_fall_1435,0
no_fall_1436,0
no_fall_1437,0
no_fall_1438,0
no_fall_1439,0
no_fall_1440,0
no_fall_1441,0
no_fall_1442,0
no_fall_1443,0
no_fall_1444,0
no_fall_1445,0
no_fall_1446,0
no_fall_1447,0
no_fall_1448,0
no_fall_1449,0
no_fall_1450,0
no_fall_1451,0
no_fall_1452,0
no_fall_1453,0
no_fall_1454,0
no_fall_1455,0
no_fall_1456,0
no_fall_1457,0
no_fall_1458,0
no_fall_1459,0
no_fall_1460,0
no_fall_1461,0
no_fall_1462,0
no_fall_1463,0
no_fall_1464,0
no_fall_1465,0
no_fall_1466,0
no_fall_1467,0
no_fall_1468,0
no_fall_1469,0
no_fall_1470,0
no_fall_1471,0
no_fall_1472,0
no_fall_1473,0
no_fall_1474,0
no_fall_1475,0
no_fall_1476,0
no_fall_1477,0
no_fall_1478,0
no_fall_1479,0
no_fall_1480,0
no_fall_1481,0
no_fall_1482,0
no_fall_1483,0
no_fall_1484,0
no_fall_1485,0
no_fall_1486,0
no_fall_1487,0
no_fall_1488,0
no_fall_1489,0
no_fall_1490,0
no_fall_1491,0
no_fall_1492,0
no_fall_1493,0
no_fall_1494,0
no_fall_1495,0
no_fall_1496,0
no_fall_1497,0
no_fall_1498,0
no_fall_1499,0
no_fall_1500,0
no_fall_1501,0
no_fall_1502,0
no_fall_1503,0
no_fall_1504,0
no_fall_1505,0
no_fall_1506,0
no_fall_1507,0
no_fall_1508,0
no_fall_1509,0
no_fall_1510,0
no_fall_1511,0
no_fall_1512,0
no_fall_1513,0
no_fall_1514,0
no_fall_1515,0
no_fall_1516,0
no_fall_1517,0
no_fall_1518,0
no_fall_1519,0
no_fall_1520,0
no_fall_1521,0
no_fall_1522,0
no_fall_1523,0
no_fall_1524,0
no_fall_1525,0
no_fall_1526,0
no_fall_1527,0
no_fall_1528,0
no_fall_1529,0
no_fall_1530,0
no_fall_1531,0
no_fall_1532,0
no_fall_1533,0
no_fall_1534,0
no_fall_1535,0
no_fall_1536,0
no_fall_1537,0
no_fall_1538,0
no_fall_1539,0
no_fall_1540,0
no_fall_1541,0
no_fall_1542,0
no_fall_1543,0
no_fall_1544,0
no_fall_1545,0
no_fall_1546,0
no_fall_1547,0
no_fall_1548,0
no_fall_1549,0
no_fall_1550,0
no_fall_1551,0
no_fall_1552,0
no_fall_1553,0
no_fall_1554,0
no_fall_1555,0
no_fall_1556,0
no_fall_1557,0
no_fall_1558,0
no_fall_1559,0
no_fall_1560,0
no_fall_1561,0
no_fall_1562,0
no_fall_1563,0
no_fall_1564,0
no_fall_1565,0
no_fall_1566,0
no_fall_1567,0
no_fall_1568,0
no_fall_1569,0
no_fall_1570,0
no_fall_1571,0
no_fall_1572,0
no_fall_1573,0
no_fall_1574,0
no_fall_1575,0
no_fall_1576,0
no_fall_1577,0
no_fall_1578,0
no_fall_1579,0
no_fall_1580,0
no_fall_1581,0
no_fall_1582,0
no_fall_1583,0
no_fall_1584,0
no_fall_1585,0
no_fall_1586,0
no_fall_1587,0
no_fall_1588,0
no_fall_1589,0
no_fall_1590,0
no_fall_1591,0
no_fall_1592,0
no_fall_1593,0
no_fall_1594,0
no_fall_1595,0
no_fall_1596,0
no_fall_1597,0
no_fall_1598,0
no_fall_1599,0
no_fall_1600,0
no_fall_1601,0
no_fall_1602,0
no_fall_1603,0
no_fall_1604,0
no_fall_1605,0
no_fall_1606,0
no_fall_1607,0
no_fall_1608,0
no_fall_1609,0
no_fall_1610,0
no_fall_1611,0
no_fall_1612,0
no_fall_1613,0
no_fall_1614,0
no_fall_1615,0
no_fall_1616,0
no_fall_1617,0
no_fall_1618,0
no_fall_1619,0
no_fall_1620,0
no_fall_1621,0
no_fall_1622,0
no_fall_1623,0
no_fall_1624,0
no_fall_1625,0
no_fall_1626,0
no_fall_1627,0
no_fall_1628,0
no_fall_1629,0
no_fall_1630,0
no_fall_1631,0
no_fall_1632,0
no_fall_1633,0
no_fall_1634,0
no_fall_1635,0
no_fall_1636,0
no_fall_1637,0
no_fall_1638,0
no_fall_1639,0
no_fall_1640,0
no_fall_1641,0
no_fall_1642,0
no_fall_1643,0
no_fall_1644,0
no_fall_1645,0
no_fall_1646,0
no_fall_1647,0
no_fall_1648,0
no_fall_1649,0
no_fall_1650,0
no_fall_1651,0
no_fall_1652,0
no_fall_1653,0
no_fall_1654,0
no_fall_1655,0
no_fall_1656,0
no_fall_1657,0
no_fall_1658,0
no_fall_1659,0
no_fall_1660,0
no_fall_1661,0
no_fall_1662,0
no_fall_1663,0
no_fall_1664,0
no_fall_1665,0
no_fall_1666,0
no_fall_1667,0
no_fall_1668,0
no_fall_1669,0
no_fall_1670,0
no_fall_1671,0
no_fall_1672,0
no_fall_1673,0
no_fall_1674,0
no_fall_1675,0
no_fall_1676,0
no_fall_1677,0
no_fall_1678,0
no_fall_1679,0
no_fall_1680,0
no_fall_1681,0
no_fall_1682,0
no_fall_1683,0
no_fall_1684,0
no_fall_1685,0
no_fall_1686,0
no_fall_1687,0
no_fall_1688,0
no_fall_1689,0
no_fall_1690,0
no_fall_1691,0
no_fall_1692,0
no_fall_1693,0
no_fall_1694,0
no_fall_1695,0
no_fall_1696,0
no_fall_1697,0
no_fall_1698,0
no_fall_1699,0
no_fall_1700,0
no_fall_1701,0
no_fall_1702,0
no_fall_1703,0
no_fall_1704,0
no_fall_1705,0
no_fall_1706,0
no_fall_1707,0
no_fall_1708,0
no_fall_1709,0
no_fall_1710,0
no_fall_1711,0
no_fall_1712,0
no_fall_1713,0
no_fall_1714,0
no_fall_1715,0
no_fall_1716,0
no_fall_1717,0
no_fall_1718,0
no_fall_1719,0
no_fall_1720,0
no_fall_1721,0
no_fall_1722,0
no_fall_1723,0
no_fall_1724,0
no_fall_1725,0
no_fall_1726,0
no_fall_1727,0
no_fall_1728,0
no_fall_1729,0
no_fall_1730,0
no_fall_1731,0
no_fall_1732,0
no_fall_1733,0
no_fall_1734,0
no_fall_1735,0
no_fall_1736,0
no_fall_1737,0
no_fall_1738,0
no_fall_1739,0
no_fall_1740,0
no_fall_1741,0
no_fall_1742,0
no_fall_1743,0
no_fall_1744,0
no_fall_1745,0
no_fall_1746,0
no_fall_1747,0
no_fall_1748,0
no_fall_1749,0
no_fall_1750,0
no_fall_1751,0
no_fall_1752,0
no_fall_1753,0
no_fall_1754,0
no_fall_1755,0
no_fall_1756,0
no_fall_1757,0
no_fall_1758,0
no_fall_1759,0
no_fall_1760,0
no_fall_1761,0
no_fall_1762,0
no_fall_1763,0
no_fall_1764,0
no_fall_1765,0
no_fall_1766,0
no_fall_1767,0
no_fall_1768,0
no_fall_1769,0
no_fall_1770,0
no_fall_1771,0
no_fall_1772,0
no_fall_1773,0
no_fall_1774,0
no_fall_1775,0
no_fall_1776,0
no_fall_1777,0
no_fall_1778,0
no_fall_1779,0
no_fall_1780,0
no_fall_1781,0
no_fall_1782,0
no_fall_1783,0
no_fall_1784,0
no_fall_1785,0
no_fall_1786,0
no_fall_1787,0
no_fall_1788,0
no_fall_1789,0
no_fall_1790,0
no_fall_1791,0
no_fall_1792,0
no_fall_1793,0
no_fall_1794,0
no_fall_1795,0
no_fall_1796,0
no_fall_1797,0
no_fall_1798,0
no_fall_1799,0
no_fall_1800,0
no_fall_1801,0
no_fall_1802,0
no_fall_1803,0
no_fall_1804,0
no_fall_1805,0
no_fall_1806,0
no_fall_1807,0
no_fall_1808,0
no_fall_1809,0
no_fall_1810,0
no_fall_1811,0
no_fall_1812,0
no_fall_1813,0
no_fall_1814,0
no_fall_1815,0
no_fall_1816,0
no_fall_1817,0
no_fall_1818,0
no_fall_1819,0
no_fall_1820,0
no_fall_1821,0
no_fall_1822,0
no_fall_1823,0
no_fall_1824,0
no_fall_1825,0
no_fall_1826,0
no_fall_1827,0
no_fall_1828,0
no_fall_1829,0
no_fall_1830,0
no_fall_1831,0
no_fall_1832,0
no_fall_1833,0
no_fall_1834,0
no_fall_1835,0
no_fall_1836,0
no_fall_1837,0
no_fall_1838,0
no_fall_1839,0
no_fall_1840,0
no_fall_1841,0
no_fall_1842,0
no_fall_1843,0
no_fall_1844,0
no_fall_1845,0
no_fall_1846,0
no_fall_1847,0
no_fall_1848,0
no_fall_1849,0
no_fall_1850,0
no_fall_1851,0
no_fall_1852,0
no_fall_1853,0
no_fall_1854,0
no_fall_1855,0
no_fall_1856,0
no_fall_1857,0
no_fall_1858,0
no_fall_1859,0
no_fall_1860,0
no_fall_1861,0
no_fall_1862,0
no_fall_1863,0
no_fall_1864,0
no_fall_1865,0
no_fall_1866,0
no_fall_1867,0
no_fall_1868,0
no_fall_1869,0
no_fall_1870,0
no_fall_1871,0
no_fall_1872,0
no_fall_1873,0
no_fall_1874,0
no_fall_1875,0
no_fall_1876,0
no_fall_1877,0
no_fall_1878,0
no_fall_1879,0
no_fall_1880,0
no_fall_1881,0
no_fall_1882,0
no_fall_1883,0
no_fall_1884,0
no_fall_1885,0
no_fall_1886,0
no_fall_1887,0
no_fall_1888,0
no_fall_1889,0
no_fall_1890,0
no_fall_1891,0
no_fall_1892,0
no_fall_1893,0
no_fall_1894,0
no_fall_1895,0
no_fall_1896,0
no_fall_1897,0
no_fall_1898,0
no_fall_1899,0
no_fall_1900,0
no_fall_1901,0
no_fall_1902,0
no_fall_1903,0
no_fall_1904,0
no_fall_1905,0
no_fall_1906,0
no_fall_1907,0
no_fall_1908,0
no_fall_1909,0
no_fall_1910,0
no_fall_1911,0
no_fall_1912,0
no_fall_1913,0
no_fall_1914,0
no_fall_1915,0
no_fall_1916,0
no_fall_1917,0
no_fall_1918,0
no_fall_1919,0
no_fall_1920,0
no_fall_1921,0
no_fall_1922,0
no_fall_1923,0
no_fall_1924,0
no_fall_1925,0
no_fall_1926,0
no_fall_1927,0
no_fall_1928,0
no_fall_1929,0
no_fall_1930,0
no_fall_1931,0
no_fall_1932,0
no_fall_1933,0
no_fall_1934,0
no_fall_1935,0
no_fall_1936,0
no_fall_1937,0
no_fall_1938,0
no_fall_1939,0
no_fall_1940,0
no_fall_1941,0
no_fall_1942,0
no_fall_1943,0
no_fall_1944,0
no_fall_1945,0
no_fall_1946,0
no_fall_1947,0
no_fall_1948,0
no_fall_1949,0
no_fall_1950,0
no_fall_1951,0
no_fall_1952,0
no_fall_1953,0
no_fall_1954,0
no_fall_1955,0
no_fall_1956,0
no_fall_1957,0
no_fall_1958,0
no_fall_1959,0
no_fall_1960,0
no_fall_1961,0
no_fall_1962,0
no_fall_1963,0
no_fall_1964,0
no_fall_1965,0
no_fall_1966,0
no_fall_1967,0
no_fall_1968,0
no_fall_1969,0
no_fall_1970,0
no_fall_1971,0
no_fall_1972,0
no_fall_1973,0
no_fall_1974,0
no_fall_1975,0
no_fall_1976,0
no_fall_1977,0
no_fall_1978,0
no_fall_1979,0
no_fall_1980,0
no_fall_1981,0
no_fall_1982,0
no_fall_1983,0
no_fall_1984,0
no_fall_1985,0
no_fall_1986,0
no_fall_1987,0
no_fall_1988,0
no_fall_1989,0
no_fall_1990,0
no_fall_1991,0
no_fall_1992,0
no_fall_1993,0
no_fall_1994,0
no_fall_1995,0
no_fall_1996,0
no_fall_1997,0
no_fall_1998,0
no_fall_1999,0
no_fall_2000,0
no_fall_2001,0
no_fall_2002,0
no_fall_2003,0
no_fall_2004,0
no_fall_2005,0
no_fall_2006,0
no_fall_2007,0
no_fall_2008,0
no_fall_2009,0
no_fall_2010,0
no_fall_2011,0
no_fall_2012,0
no_fall_2013,0
no_fall_2014,0
no_fall_2015,0
no_fall_2016,0
no_fall_2017,0
no_fall_2018,0
no_fall_2019,0
no_fall_2020,0
no_fall_2021,0
no_fall_2022,0
no_fall_2023,0
no_fall_2024,0
no_fall_2025,0
no_fall_2026,0
no_fall_2027,0
no_fall_2028,0
no_fall_2029,0
no_fall_2030,0
no_fall_2031,0
no_fall_2032,0
no_fall_2033,0
no_fall_2034,0
no_fall_2035,0
no_fall_2036,0
no_fall_2037,0
no_fall_2038,0
no_fall_2039,0
no_fall_2040,0
no_fall_2041,0
no_fall_2042,0
no_fall_2043,0
no_fall_2044,0
no_fall_2045,0
no_fall_2046,0
no_fall_2047,0
no_fall_2048,0
no_fall_2049,0
no_fall_2050,0
no_fall_2051,0
no_fall_2052,0
no_fall_2053,0
no_fall_2054,0
no_fall_2055,0
no_fall_2056,0
no_fall_2057,0
no_fall_2058,0
no_fall_2059,0
no_fall_2060,0
no_fall_2061,0
no_fall_2062,0
no_fall_2063,0
no_fall_2064,0
no_fall_2065,0
no_fall_2066,0
no_fall_2067,0
no_fall_2068,0
no_fall_2069,0
no_fall_2070,0
no_fall_2071,0
no_fall_2072,0
no_fall_2073,0
no_fall_2074,0
no_fall_2075,0
no_fall_2076,0
no_fall_2077,0
no_fall_2078,0
no_fall_2079,0
no_fall_2080,0
no_fall_2081,0
no_fall_2082,0
no_fall_2083,0
no_fall_2084,0
no_fall_2085,0
no_fall_2086,0
no_fall_2087,0
no_fall_2088,0
no_fall_2089,0
no_fall_2090,0
no_fall_2091,0
no_fall_2092,0
no_fall_2093,0
no_fall_2094,0
no_fall_2095,0
no_fall_2096,0
no_fall_2097,0
no_fall_2098,0
no_fall_2099,0
no_fall_2100,0
no_fall_2101,0
no_fall_2102,0
no_fall_2103,0
no_fall_2104,0
no_fall_2105,0
no_fall_2106,0
no_fall_2107,0
no_fall_2108,0
no_fall_2109,0
no_fall_2110,0
no_fall_2111,0
no_fall_2112,0
no_fall_2113,0
no_fall_2114,0
no_fall_2115,0
no_fall_2116,0
no_fall_2117,0
no_fall_2118,0
no_fall_2119,0
no_fall_2120,0
no_fall_2121,0
no_fall_2122,0
no_fall_2123,0
no_fall_2124,0
no_fall_2125,0
no_fall_2126,0
no_fall_2127,0
no_fall_2128,0
no_fall_2129,0
no_fall_2130,0
no_fall_2131,0
no_fall_2132,0
no_fall_2133,0
no_fall_2134,0
no_fall_2135,0
no_fall_2136,0
no_fall_2137,0
no_fall_2138,0
no_fall_2139,0
no_fall_2140,0
no_fall_2141,0
no_fall_2142,0
no_fall_2143,0
no_fall_2144,0
no_fall_2145,0
no_fall_2146,0
no_fall_2147,0
no_fall_2148,0
no_fall_2149,0
no_fall_2150,0
no_fall_2151,0
no_fall_2152,0
no_fall_2153,0
no_fall_2154,0
no_fall_2155,0
no_fall_2156,0
no_fall_2157,0
no_fall_2158,0
no_fall_2159,0
no_fall_2160,0
no_fall_2161,0
no_fall_2162,0
no_fall_2163,0
no_fall_2164,0
no_fall_2165,0
no_fall_2166,0
no_fall_2167,0
no_fall_2168,0
no_fall_2169,0
no_fall_2170,0
no_fall_2171,0
no_fall_2172,0
no_fall_2173,0
no_fall_2174,0
no_fall_2175,0
no_fall_2176,0
no_fall_2177,0
no_fall_2178,0
no_fall_2179,0
no_fall_2180,0
no_fall_2181,0
no_fall_2182,0
no_fall_2183,0
no_fall_2184,0
no_fall_2185,0
no_fall_2186,0
no_fall_2187,0
no_fall_2188,0
no_fall_2189,0
no_fall_2190,0
no_fall_2191,0
no_fall_2192,0
no_fall_2193,0
no_fall_2194,0
no_fall_2195,0
no_fall_2196,0
no_fall_2197,0
no_fall_2198,0
no_fall_2199,0
no_fall_2200,0
no_fall_2201,0
no_fall_2202,0
no_fall_2203,0
no_fall_2204,0
no_fall_2205,0
no_fall_2206,0
no_fall_2207,0
no_fall_2208,0
no_fall_2209,0
no_fall_2210,0
no_fall_2211,0
no_fall_2212,0
no_fall_2213,0
no_fall_2214,0
no_fall_2215,0
no_fall_2216,0
no_fall_2217,0
no_fall_2218,0
no_fall_2219,0
no_fall_2220,0
no_fall_2221,0
no_fall_2222,0
no_fall_2223,0
no_fall_2224,0
no_fall_2225,0
no_fall_2226,0
no_fall_2227,0
no_fall_2228,0
no_fall_2229,0
no_fall_2230,0
no_fall_2231,0
no_fall_2232,0
no_fall_2233,0
no_fall_2234,0
no_fall_2235,0
no_fall_2236,0
no_fall_2237,0
no_fall_2238,0
no_fall_2239,0
no_fall_2240,0
no_fall_2241,0
no_fall_2242,0
no_fall_2243,0
no_fall_2244,0
no_fall_2245,0
no_fall_2246,0
no_fall_2247,0
no_fall_2248,0
no_fall_2249,0
no_fall_2250,0
no_fall_2251,0
no_fall_2252,0
no_fall_2253,0
no_fall_2254,0
no_fall_2255,0
no_fall_2256,0
no_fall_2257,0
no_fall_2258,0
no_fall_2259,0
no_fall_2260,0
no_fall_2261,0
no_fall_2262,0
no_fall_2263,0
no_fall_2264,0
no_fall_2265,0
no_fall_2266,0
no_fall_2267,0
no_fall_2268,0
no_fall_2269,0
no_fall_2270,0
no_fall_2271,0
no_fall_2272,0
no_fall_2273,0
no_fall_2274,0
no_fall_2275,0
no_fall_2276,0
no_fall_2277,0
no_fall_2278,0
no_fall_2279,0
no_fall_2280,0
no_fall_2281,0
no_fall_2282,0
no_fall_2283,0
no_fall_2284,0
no_fall_2285,0
no_fall_2286,0
no_fall_2287,0
no_fall_2288,0
no_fall_2289,0
no_fall_2290,0
no_fall_2291,0
no_fall_2292,0
no_fall_2293,0
no_fall_2294,0
no_fall_2295,0
no_fall_2296,0
no_fall_2297,0
no_fall_2298,0
no_fall_2299,0
no_fall_2300,0
no_fall_2301,0
no_fall_2302,0
no_fall_2303,0
no_fall_2304,0
no_fall_2305,0
no_fall_2306,0
no_fall_2307,0
no_fall_2308,0
no_fall_2309,0
no_fall_2310,0
no_fall_2311,0
no_fall_2312,0
no_fall_2313,0
no_fall_2314,0
no_fall_2315,0
no_fall_2316,0
no_fall_2317,0
no_fall_2318,0
no_fall_2319,0
no_fall_2320,0
no_fall_2321,0
no_fall_2322,0
no_fall_2323,0
no_fall_2324,0
no_fall_2325,0
no_fall_2326,0
no_fall_2327,0
no_fall_2328,0
no_fall_2329,0
no_fall_2330,0
no_fall_2331,0
no_fall_2332,0
no_fall_2333,0
no_fall_2334,0
no_fall_2335,0
no_fall_2336,0
no_fall_2337,0
no_fall_2338,0
no_fall_2339,0
no_fall_2340,0
no_fall_2341,0
no_fall_2342,0
no_fall_2343,0
no_fall_2344,0
no_fall_2345,0
no_fall_2346,0
no_fall_2347,0
no_fall_2348,0
no_fall_2349,0
no_fall_2350,0
no_fall_2351,0
no_fall_2352,0
no_fall_2353,0
no_fall_2354,0
no_fall_2355,0
no_fall_2356,0
no_fall_2357,0
no_fall_2358,0
no_fall_2359,0
no_fall_2360,0
no_fall_2361,0
no_fall_2362,0
no_fall_2363,0
no_fall_2364,0
no_fall_2365,0
no_fall_2366,0
no_fall_2367,0
no_fall_2368,0
no_fall_2369,0
no_fall_2370,0
no_fall_2371,0
no_fall_2372,0
no_fall_2373,0
no_fall_2374,0
no_fall_2375,0
no_fall_2376,0
no_fall_2377,0
no_fall_2378,0
no_fall_2379,0
no_fall_2380,0
no_fall_2381,0
no_fall_2382,0
no_fall_2383,0
no_fall_2384,0
no_fall_2385,0
no_fall_2386,0
no_fall_2387,0
no_fall_2388,0
no_fall_2389,0
no_fall_2390,0
no_fall_2391,0
no_fall_2392,0
no_fall_2393,0
no_fall_2394,0
no_fall_2395,0
no_fall_2396,0
no_fall_2397,0
no_fall_2398,0
no_fall_2399,0
no_fall_2400,0
no_fall_2401,0
no_fall_2402,0
no_fall_2403,0
no_fall_2404,0
no_fall_2405,0
no_fall_2406,0
no_fall_2407,0
no_fall_2408,0
no_fall_2409,0
no_fall_2410,0
no_fall_2411,0
no_fall_2412,0
no_fall_2413,0
no_fall_2414,0
no_fall_2415,0
no_fall_2416,0
no_fall_2417,0
no_fall_2418,0
no_fall_2419,0
no_fall_2420,0
no_fall_2421,0
no_fall_2422,0
no_fall_2423,0
no_fall_2424,0
no_fall_2425,0
no_fall_2426,0
no_fall_2427,0
no_fall_2428,0
no_fall_2429,0
no_fall_2430,0
no_fall_2431,0
no_fall_2432,0
no_fall_2433,0
no_fall_2434,0
no_fall_2435,0
no_fall_2436,0
no_fall_2437,0
no_fall_2438,0
no_fall_2439,0
no_fall_2440,0
no_fall_2441,0
no_fall_2442,0
no_fall_2443,0
no_fall_2444,0
no_fall_2445,0
no_fall_2446,0
no_fall_2447,0
no_fall_2448,0
no_fall_2449,0
no_fall_2450,0
no_fall_2451,0
no_fall_2452,0
no_fall_2453,0
no_fall_2454,0
no_fall_2455,0
no_fall_2456,0
no_fall_2457,0
no_fall_2458,0
no_fall_2459,0
no_fall_2460,0
no_fall_2461,0
no_fall_2462,0
no_fall_2463,0
no_fall_2464,0
no_fall_2465,0
no_fall_2466,0
no_fall_2467,0
no_fall_2468,0
no_fall_2469,0
no_fall_2470,0
no_fall_2471,0
no_fall_2472,0
no_fall_2473,0
no_fall_2474,0
no_fall_2475,0
no_fall_2476,0
no_fall_2477,0
no_fall_2478,0
no_fall_2479,0
no_fall_2480,0
no_fall_2481,0
no_fall_2482,0
no_fall_2483,0
no_fall_2484,0
no_fall_2485,0
no_fall_2486,0
no_fall_2487,0
no_fall_2488,0
no_fall_2489,0
no_fall_2490,0
no_fall_2491,0
no_fall_2492,0
no_fall_2493,0
no_fall_2494,0
no_fall_2495,0
no_fall_2496,0
no_fall_2497,0
no_fall_2498,0
no_fall_2499,0
no_fall_2500,0
no_fall_2501,0
no_fall_2502,0
no_fall_2503,0
no_fall_2504,0
no_fall_2505,0
no_fall_2506,0
no_fall_2507,0
no_fall_2508,0
no_fall_2509,0
no_fall_2510,0
no_fall_2511,0
no_fall_2512,0
no_fall_2513,0
no_fall_2514,0
no_fall_2515,0
no_fall_2516,0
no_fall_2517,0
no_fall_2518,0
no_fall_2519,0
no_fall_2520,0
no_fall_2521,0
no_fall_2522,0
no_fall_2523,0
no_fall_2524,0
no_fall_2525,0
no_fall_2526,0
no_fall_2527,0
no_fall_2528,0
no_fall_2529,0
no_fall_2530,0
no_fall_2531,0
no_fall_2532,0
no_fall_2533,0
no_fall_2534,0
no_fall_2535,0
no_fall_2536,0
no_fall_2537,0
no_fall_2538,0
no_fall_2539,0
no_fall_2540,0
no_fall_2541,0
no_fall_2542,0
no_fall_2543,0
no_fall_2544,0
no_fall_2545,0
no_fall_2546,0
no_fall_2547,0
no_fall_2548,0
no_fall_2549,0
no_fall_2550,0
no_fall_2551,0
no_fall_2552,0
no_fall_2553,0
no_fall_2554,0
no_fall_2555,0
no_fall_2556,0
no_fall_2557,0
no_fall_2558,0
no_fall_2559,0
no_fall_2560,0
no_fall_2561,0
no_fall_2562,0
no_fall_2563,0
no_fall_2564,0
no_fall_2565,0
no_fall_2566,0
no_fall_2567,0
no_fall_2568,0
no_fall_2569,0
no_fall_2570,0
no_fall_2571,0
no_fall_2572,0
no_fall_2573,0
no_fall_2574,0
no_fall_2575,0
no_fall_2576,0
no_fall_2577,0
no_fall_2578,0
no_fall_2579,0
no_fall_2580,0
no_fall_2581,0
no_fall_2582,0
no_fall_2583,0
no_fall_2584,0
no_fall_2585,0
no_fall_2586,0
no_fall_2587,0
no_fall_2588,0
no_fall_2589,0
no_fall_2590,0
no_fall_2591,0
no_fall_2592,0
no_fall_2593,0
no_fall_2594,0
no_fall_2595,0
no_fall_2596,0
no_fall_2597,0
no_fall_2598,0
no_fall_2599,0
no_fall_2600,0
no_fall_2601,0
no_fall_2602,0
no_fall_2603,0
no_fall_2604,0
no_fall_2605,0
no_fall_2606,0
no_fall_2607,0
no_fall_2608,0
no_fall_2609,0
no_fall_2610,0
no_fall_2611,0
no_fall_2612,0
no_fall_2613,0
no_fall_2614,0
no_fall_2615,0
no_fall_2616,0
no_fall_2617,0
no_fall_2618,0
no_fall_2619,0
no_fall_2620,0
no_fall_2621,0
no_fall_2622,0
no_fall_2623,0
no_fall_2624,0
no_fall_2625,0
no_fall_2626,0
no_fall_2627,0
no_fall_2628,0
no_fall_2629,0
no_fall_2630,0
no_fall_2631,0
no_fall_2632,0
no_fall_2633,0
no_fall_2634,0
no_fall_2635,0
no_fall_2636,0
no_fall_2637,0
no_fall_2638,0
no_fall_2639,0
no_fall_2640,0
no_fall_2641,0
no_fall_2642,0
no_fall_2643,0
no_fall_2644,0
no_fall_2645,0
no_fall_2646,0
no_fall_2647,0
no_fall_2648,0
no_fall_2649,0
no_fall_2650,0
no_fall_2651,0
no_fall_2652,0
no_fall_2653,0
no_fall_2654,0
no_fall_2655,0
no_fall_2656,0
no_fall_2657,0
no_fall_2658,0
no_fall_2659,0
no_fall_2660,0
no_fall_2661,0
no_fall_2662,0
no_fall_2663,0
no_fall_2664,0
no_fall_2665,0
no_fall_2666,0
no_fall_2667,0
no_fall_2668,0
no_fall_2669,0
no_fall_2670,0
no_fall_2671,0
no_fall_2672,0
no_fall_2673,0
no_fall_2674,0
no_fall_2675,0
no_fall_2676,0
no_fall_2677,0
no_fall_2678,0
no_fall_2679,0
no_fall_2680,0
no_fall_2681,0
no_fall_2682,0
no_fall_2683,0
no_fall_2684,0
no_fall_2685,0
no_fall_2686,0
no_fall_2687,0
no_fall_2688,0
no_fall_2689,0
no_fall_2690,0
no_fall_2691,0
no_fall_2692,0
no_fall_2693,0
no_fall_2694,0
no_fall_2695,0
no_fall_2696,0
no_fall_2697,0
no_fall_2698,0
no_fall_2699,0
no_fall_2700,0
no_fall_2701,0
no_fall_2702,0
no_fall_2703,0
no_fall_2704,0
no_fall_2705,0
no_fall_2706,0
no_fall_2707,0
no_fall_2708,0
no_fall_2709,0
no_fall_2710,0
no_fall_2711,0
no_fall_2712,0
no_fall_2713,0
no_fall_2714,0
no_fall_2715,0
no_fall_2716,0
no_fall_2717,0
no_fall_2718,0
no_fall_2719,0
no_fall_2720,0
no_fall_2721,0
no_fall_2722,0
no_fall_2723,0
no_fall_2724,0
no_fall_2725,0
no_fall_2726,0
no_fall_2727,0
no_fall_2728,0
no_fall_2729,0
no_fall_2730,0
no_fall_2731,0
no_fall_2732,0
no_fall_2733,0
no_fall_2734,0
no_fall_2735,0
no_fall_2736,0
no_fall_2737,0
no_fall_2738,0
no_fall_2739,0
no_fall_2740,0
no_fall_2741,0
no_fall_2742,0
no_fall_2743,0
no_fall_2744,0
no_fall_2745,0
no_fall_2746,0
no_fall_2747,0
no_fall_2748,0
no_fall_2749,0
no_fall_2750,0
no_fall_2751,0
no_fall_2752,0
no_fall_2753,0
no_fall_2754,0
no_fall_2755,0
no_fall_2756,0
no_fall_2757,0
no_fall_2758,0
no_fall_2759,0
no_fall_2760,0
no_fall_2761,0
no_fall_2762,0
no_fall_2763,0
no_fall_2764,0
no_fall_2765,0
no_fall_2766,0
no_fall_2767,0
no_fall_2768,0
no_fall_2769,0
no_fall_2770,0
no_fall_2771,0
no_fall_2772,0
no_fall_2773,0
no_fall_2774,0
no_fall_2775,0
no_fall_2776,0
no_fall_2777,0
no_fall_2778,0
no_fall_2779,0
no_fall_2780,0
no_fall_2781,0
no_fall_2782,0
no_fall_2783,0
no_fall_2784,0
no_fall_2785,0
no_fall_2786,0
no_fall_2787,0
no_fall_2788,0
no_fall_2789,0
no_fall_2790,0
no_fall_2791,0
no_fall_2792,0
no_fall_2793,0
no_fall_2794,0
no_fall_2795,0
no_fall_2796,0
no_fall_2797,0
no_fall_2798,0
no_fall_2799,0
no_fall_2800,0
no_fall_2801,0
no_fall_2802,0
no_fall_2803,0
no_fall_2804,0
no_fall_2805,0
no_fall_2806,0
no_fall_2807,0
no_fall_2808,0
no_fall_2809,0
no_fall_2810,0
no_fall_2811,0
no_fall_2812,0
no_fall_2813,0
no_fall_2814,0
no_fall_2815,0
no_fall_2816,0
no_fall_2817,0
no_fall_2818,0
no_fall_2819,0
no_fall_2820,0
no_fall_2821,0
no_fall_2822,0
no_fall_2823,0
no_fall_2824,0
no_fall_2825,0
no_fall_2826,0
no_fall_2827,0
no_fall_2828,0
no_fall_2829,0
no_fall_2830,0
no_fall_2831,0
no_fall_2832,0
no_fall_2833,0
no_fall_2834,0
no_fall_2835,0
no_fall_2836,0
no_fall_2837,0
no_fall_2838,0
no_fall_2839,0
no_fall_2840,0
no_fall_2841,0
no_fall_2842,0
no_fall_2843,0
no_fall_2844,0
no_fall_2845,0
no_fall_2846,0
no_fall_2847,0
no_fall_2848,0
no_fall_2849,0
no_fall_2850,0
no_fall_2851,0
no_fall_2852,0
no_fall_2853,0
no_fall_2854,0
no_fall_2855,0
no_fall_2856,0
no_fall_2857,0
no_fall_2858,0
no_fall_2859,0
no_fall_2860,0
no_fall_2861,0
no_fall_2862,0
no_fall_2863,0
no_fall_2864,0
no_fall_2865,0
no_fall_2866,0
no_fall_2867,0
no_fall_2868,0
no_fall_2869,0
no_fall_2870,0
no_fall_2871,0
no_fall_2872,0
no_fall_2873,0
no_fall_2874,0
no_fall_2875,0
no_fall_2876,0
no_fall_2877,0
no_fall_2878,0
no_fall_2879,0
no_fall_2880,0
no_fall_2881,0
no_fall_2882,0
no_fall_2883,0
no_fall_2884,0
no_fall_2885,0
no_fall_2886,0
no_fall_2887,0
no_fall_2888,0
no_fall_2889,0
no_fall_2890,0
no_fall_2891,0
no_fall_2892,0
no_fall_2893,0
no_fall_2894,0
no_fall_2895,0
no_fall_2896,0
no_fall_2897,0
no_fall_2898,0
no_fall_2899,0
no_fall_2900,0
no_fall_2901,0
no_fall_2902,0
no_fall_2903,0
no_fall_2904,0
no_fall_2905,0
no_fall_2906,0
no_fall_2907,0
no_fall_2908,0
no_fall_2909,0
no_fall_2910,0
no_fall_2911,0
no_fall_2912,0
no_fall_2913,0
no_fall_2914,0
no_fall_2915,0
no_fall_2916,0
no_fall_2917,0
no_fall_2918,0
no_fall_2919,0
no_fall_2920,0
no_fall_2921,0
no_fall_2922,0
no_fall_2923,0
no_fall_2924,0
no_fall_2925,0
no_fall_2926,0
no_fall_2927,0
no_fall_2928,0
no_fall_2929,0
no_fall_2930,0
no_fall_2931,0
no_fall_2932,0
no_fall_2933,0
no_fall_2934,0
no_fall_2935,0
no_fall_2936,0
no_fall_2937,0
no_fall_2938,0
no_fall_2939,0
no_fall_2940,0
no_fall_2941,0
no_fall_2942,0
no_fall_2943,0
no_fall_2944,0
no_fall_2945,0
no_fall_2946,0
no_fall_2947,0
no_fall_2948,0
no_fall_2949,0
no_fall_2950,0
no_fall_2951,0
no_fall_2952,0
no_fall_2953,0
no_fall_2954,0
no_fall_2955,0
no_fall_2956,0
no_fall_2957,0
no_fall_2958,0
no_fall_2959,0
no_fall_2960,0
no_fall_2961,0
no_fall_2962,0
no_fall_2963,0
no_fall_2964,0
no_fall_2965,0
no_fall_2966,0
no_fall_2967,0
no_fall_2968,0
no_fall_2969,0
no_fall_2970,0
no_fall_2971,0
no_fall_2972,0
no_fall_2973,0
no_fall_2974,0
no_fall_2975,0
no_fall_2976,0
no_fall_2977,0
no_fall_2978,0
no_fall_2979,0
no_fall_2980,0
no_fall_2981,0
no_fall_2982,0
no_fall_2983,0
no_fall_2984,0
no_fall_2985,0
no_fall_2986,0
no_fall_2987,0
no_fall_2988,0
no_fall_2989,0
no_fall_2990,0
no_fall_2991,0
no_fall_2992,0
no_fall_2993,0
no_fall_2994,0
no_fall_2995,0
no_fall_2996,0
no_fall_2997,0
no_fall_2998,0
no_fall_2999,0
no_fall_3000,0
no_fall_3001,0
no_fall_3002,0
no_fall_3003,0
no_fall_3004,0
no_fall_3005,0
no_fall_3006,0
no_fall_3007,0
no_fall_3008,0
no_fall_3009,0
no_fall_3010,0
no_fall_3011,0
no_fall_3012,0
no_fall_3013,0
no_fall_3014,0
no_fall_3015,0
no_fall_3016,0
no_fall_3017,0
no_fall_3018,0
no_fall_3019,0
no_fall_3020,0
no_fall_3021,0
no_fall_3022,0
no_fall_3023,0
no_fall_3024,0
no_fall_3025,0
no_fall_3026,0
no_fall_3027,0
no_fall_3028,0
no_fall_3029,0
no_fall_3030,0
no_fall_3031,0
no_fall_3032,0
no_fall_3033,0
no_fall_3034,0
no_fall_3035,0
no_fall_3036,0
no_fall_3037,0
no_fall_3038,0
no_fall_3039,0
no_fall_3040,0
no_fall_3041,0
no_fall_3042,0
no_fall_3043,0
no_fall_3044,0
no_fall_3045,0
no_fall_3046,0
no_fall_3047,0
no_fall_3048,0
no_fall_3049,0
no_fall_3050,0
no_fall_3051,0
no_fall_3052,0
no_fall_3053,0
no_fall_3054,0
no_fall_3055,0
no_fall_3056,0
no_fall_3057,0
no_fall_3058,0
no_fall_3059,0
no_fall_3060,0
no_fall_3061,0
no_fall_3062,0
no_fall_3063,0
no_fall_3064,0
no_fall_3065,0
no_fall_3066,0
no_fall_3067,0
no_fall_3068,0
no_fall_3069,0
no_fall_3070,0
no_fall_3071,0
no_fall_3072,0
no_fall_3073,0
no_fall_3074,0
no_fall_3075,0
no_fall_3076,0
no_fall_3077,0
no_fall_3078,0
no_fall_3079,0
no_fall_3080,0
no_fall_3081,0
no_fall_3082,0
no_fall_3083,0
no_fall_3084,0
no_fall_3085,0
no_fall_3086,0
no_fall_3087,0
no_fall_3088,0
no_fall_3089,0
no_fall_3090,0
no_fall_3091,0
no_fall_3092,0
no_fall_3093,0
no_fall_3094,0
no_fall_3095,0
no_fall_3096,0
no_fall_3097,0
no_fall_3098,0
no_fall_3099,0
no_fall_3100,0
no_fall_3101,0
no_fall_3102,0
no_fall_3103,0
no_fall_3104,0
no_fall_3105,0
no_fall_3106,0
no_fall_3107,0
no_fall_3108,0
no_fall_3109,0
no_fall_3110,0
no_fall_3111,0
no_fall_3112,0
no_fall_3113,0
no_fall_3114,0
no_fall_3115,0
no_fall_3116,0
no_fall_3117,0
no_fall_3118,0
no_fall_3119,0
no_fall_3120,0
no_fall_3121,0
no_fall_3122,0
no_fall_3123,0
no_fall_3124,0
no_fall_3125,0
no_fall_3126,0
no_fall_3127,0
no_fall_3128,0
no_fall_3129,0
no_fall_3130,0
no_fall_3131,0
no_fall_3132,0
no_fall_3133,0
no_fall_3134,0
no_fall_3135,0
no_fall_3136,0
no_fall_3137,0
no_fall_3138,0
no_fall_3139,0
no_fall_3140,0
no_fall_3141,0
no_fall_3142,0
no_fall_3143,0
no_fall_3144,0
no_fall_3145,0
no_fall_3146,0
no_fall_3147,0
no_fall_3148,0
no_fall_3149,0
no_fall_3150,0
no_fall_3151,0
no_fall_3152,0
no_fall_3153,0
no_fall_3154,0
no_fall_3155,0
no_fall_3156,0
no_fall_3157,0
no_fall_3158,0
no_fall_3159,0
no_fall_3160,0
no_fall_3161,0
no_fall_3162,0
no_fall_3163,0
no_fall_3164,0
no_fall_3165,0
no_fall_3166,0
no_fall_3167,0
no_fall_3168,0
no_fall_3169,0
no_fall_3170,0
no_fall_3171,0
no_fall_3172,0
no_fall_3173,0
no_fall_3174,0
no_fall_3175,0
no_fall_3176,0
no_fall_3177,0
no_fall_3178,0
no_fall_3179,0
no_fall_3180,0
no_fall_3181,0
no_fall_3182,0
no_fall_3183,0
no_fall_3184,0
no_fall_3185,0
no_fall_3186,0
no_fall_3187,0
no_fall_3188,0
no_fall_3189,0
no_fall_3190,0
no_fall_3191,0
no_fall_3192,0
no_fall_3193,0
no_fall_3194,0
no_fall_3195,0
no_fall_3196,0
no_fall_3197,0
no_fall_3198,0
no_fall_3199,0
no_fall_3200,0
no_fall_3201,0
no_fall_3202,0
no_fall_3203,0
no_fall_3204,0
no_fall_3205,0
no_fall_3206,0
no_fall_3207,0
no_fall_3208,0
no_fall_3209,0
no_fall_3210,0
no_fall_3211,0
no_fall_3212,0
no_fall_3213,0
no_fall_3214,0
no_fall_3215,0
no_fall_3216,0
no_fall_3217,0
no_fall_3218,0
no_fall_3219,0
no_fall_3220,0
no_fall_3221,0
no_fall_3222,0
no_fall_3223,0
no_fall_3224,0
no_fall_3225,0
no_fall_3226,0
no_fall_3227,0
no_fall_3228,0
no_fall_3229,0
no_fall_3230,0
no_fall_3231,0
no_fall_3232,0
no_fall_3233,0
no_fall_3234,0
no_fall_3235,0
no_fall_3236,0
no_fall_3237,0
no_fall_3238,0
no_fall_3239,0
no_fall_3240,0
no_fall_3241,0
no_fall_3242,0
no_fall_3243,0
no_fall_3244,0
no_fall_3245,0
no_fall_3246,0
no_fall_3247,0
no_fall_3248,0
no_fall_3249,0
no_fall_3250,0
no_fall_3251,0
no_fall_3252,0
no_fall_3253,0
no_fall_3254,0
no_fall_3255,0
no_fall_3256,0
no_fall_3257,0
no_fall_3258,0
no_fall_3259,0
no_fall_3260,0
no_fall_3261,0
no_fall_3262,0
no_fall_3263,0
no_fall_3264,0
no_fall_3265,0
no_fall_3266,0
no_fall_3267,0
no_fall_3268,0
no_fall_3269,0
no_fall_3270,0
no_fall_3271,0
no_fall_3272,0
no_fall_3273,0
no_fall_3274,0
no_fall_3275,0
no_fall_3276,0
no_fall_3277,0
no_fall_3278,0
no_fall_3279,0
no_fall_3280,0
no_fall_3281,0
no_fall_3282,0
no_fall_3283,0
no_fall_3284,0
no_fall_3285,0
no_fall_3286,0
no_fall_3287,0
no_fall_3288,0
no_fall_3289,0
no_fall_3290,0
no_fall_3291,0
no_fall_3292,0
no_fall_3293,0
no_fall_3294,0
no_fall_3295,0
no_fall_3296,0
no_fall_3297,0
no_fall_3298,0
no_fall_3299,0
no_fall_3300,0
no_fall_3301,0
no_fall_3302,0
no_fall_3303,0
no_fall_3304,0
no_fall_3305,0
no_fall_3306,0
no_fall_3307,0
no_fall_3308,0
no_fall_3309,0
no_fall_3310,0
no_fall_3311,0
no_fall_3312,0
no_fall_3313,0
no_fall_3314,0
no_fall_3315,0
no_fall_3316,0
no_fall_3317,0
no_fall_3318,0
no_fall_3319,0
no_fall_3320,0
no_fall_3321,0
no_fall_3322,0
no_fall_3323,0
no_fall_3324,0
no_fall_3325,0
no_fall_3326,0
no_fall_3327,0
no_fall_3328,0
no_fall_3329,0
no_fall_3330,0
no_fall_3331,0
no_fall_3332,0
no_fall_3333,0
no_fall_3334,0
no_fall_3335,0
no_fall_3336,0
no_fall_3337,0
no_fall_3338,0
no_fall_3339,0
no_fall_3340,0
no_fall_3341,0
no_fall_3342,0
no_fall_3343,0
no_fall_3344,0
no_fall_3345,0
no_fall_3346,0
no_fall_3347,0
no_fall_3348,0
no_fall_3349,0
no_fall_3350,0
no_fall_3351,0
no_fall_3352,0
no_fall_3353,0
no_fall_3354,0
no_fall_3355,0
no_fall_3356,0
no_fall_3357,0
no_fall_3358,0
no_fall_3359,0
no_fall_3360,0
no_fall_3361,0
no_fall_3362,0
no_fall_3363,0
no_fall_3364,0
no_fall_3365,0
no_fall_3366,0
no_fall_3367,0
no_fall_3368,0
no_fall_3369,0
no_fall_3370,0
no_fall_3371,0
no_fall_3372,0
no_fall_3373,0
no_fall_3374,0
no_fall_3375,0
no_fall_3376,0
no_fall_3377,0
no_fall_3378,0
no_fall_3379,0
no_fall_3380,0
no_fall_3381,0
no_fall_3382,0
no_fall_3383,0
no_fall_3384,0
no_fall_3385,0
no_fall_3386,0
no_fall_3387,0
no_fall_3388,0
no_fall_3389,0
no_fall_3390,0
no_fall_3391,0
no_fall_3392,0
no_fall_3393,0
no_fall_3394,0
no_fall_3395,0
no_fall_3396,0
no_fall_3397,0
no_fall_3398,0
no_fall_3399,0
no_fall_3400,0
no_fall_3401,0
no_fall_3402,0
no_fall_3403,0
no_fall_3404,0
no_fall_3405,0
no_fall_3406,0
no_fall_3407,0
no_fall_3408,0
no_fall_3409,0
no_fall_3410,0
no_fall_3411,0
no_fall_3412,0
no_fall_3413,0
no_fall_3414,0
no_fall_3415,0
no_fall_3416,0
no_fall_3417,0
no_fall_3418,0
no_fall_3419,0
no_fall_3420,0
no_fall_3421,0
no_fall_3422,0
no_fall_3423,0
no_fall_3424,0
no_fall_3425,0
no_fall_3426,0
no_fall_3427,0
no_fall_3428,0
no_fall_3429,0
no_fall_3430,0
no_fall_3431,0
no_fall_3432,0
no_fall_3433,0
no_fall_3434,0
no_fall_3435,0
no_fall_3436,0
no_fall_3437,0
no_fall_3438,0
no_fall_3439,0
no_fall_3440,0
no_fall_3441,0
no_fall_3442,0
no_fall_3443,0
no_fall_3444,0
no_fall_3445,0
no_fall_3446,0
no_fall_3447,0
no_fall_3448,0
no_fall_3449,0
no_fall_3450,0
no_fall_3451,0
no_fall_3452,0
no_fall_3453,0
no_fall_3454,0
no_fall_3455,0
no_fall_3456,0
no_fall_3457,0
no_fall_3458,0
no_fall_3459,0
no_fall_3460,0
no_fall_3461,0
no_fall_3462,0
no_fall_3463,0
no_fall_3464,0
no_fall_3465,0
no_fall_3466,0
no_fall_3467,0
no_fall_3468,0
no_fall_3469,0
no_fall_3470,0
no_fall_3471,0
no_fall_3472,0
no_fall_3473,0
no_fall_3474,0
no_fall_3475,0
no_fall_3476,0
no_fall_3477,0
no_fall_3478,0
no_fall_3479,0
no_fall_3480,0
no_fall_3481,0
no_fall_3482,0
no_fall_3483,0
no_fall_3484,0
no_fall_3485,0
no_fall_3486,0
no_fall_3487,0
no_fall_3488,0
no_fall_3489,0
no_fall_3490,0
no_fall_3491,0
no_fall_3492,0
no_fall_3493,0
no_fall_3494,0
no_fall_3495,0
no_fall_3496,0
no_fall_3497,0
no_fall_3498,0
no_fall_3499,0
no_fall_3500,0
no_fall_3501,0
no_fall_3502,0
no_fall_3503,0
no_fall_3504,0
no_fall_3505,0
no_fall_3506,0
no_fall_3507,0
no_fall_3508,0
no_fall_3509,0
no_fall_3510,0
no_fall_3511,0
no_fall_3512,0
no_fall_3513,0
no_fall_3514,0
no_fall_3515,0
no_fall_3516,0
no_fall_3517,0
no_fall_3518,0
no_fall_3519,0
no_fall_3520,0
no_fall_3521,0
no_fall_3522,0
no_fall_3523,0
no_fall_3524,0
no_fall_3525,0
no_fall_3526,0
no_fall_3527,0
no_fall_3528,0
no_fall_3529,0
no_fall_3530,0
no_fall_3531,0
no_fall_3532,0
no_fall_3533,0
no_fall_3534,0
no_fall_3535,0
no_fall_3536,0
no_fall_3537,0
no_fall_3538,0
no_fall_3539,0
no_fall_3540,0
no_fall_3541,0
no_fall_3542,0
no_fall_3543,0
no_fall_3544,0
no_fall_3545,0
no_fall_3546,0
no_fall_3547,0
no_fall_3548,0
no_fall_3549,0
no_fall_3550,0
no_fall_3551,0
no_fall_3552,0
no_fall_3553,0
no_fall_3554,0
no_fall_3555,0
no_fall_3556,0
no_fall_3557,0
no_fall_3558,0
no_fall_3559,0
no_fall_3560,0
no_fall_3561,0
no_fall_3562,0
no_fall_3563,0
no_fall_3564,0
no_fall_3565,0
no_fall_3566,0
no_fall_3567,0
no_fall_3568,0
no_fall_3569,0
no_fall_3570,0
no_fall_3571,0
no_fall_3572,0
no_fall_3573,0
no_fall_3574,0
no_fall_3575,0
no_fall_3576,0
no_fall_3577,0
no_fall_3578,0
no_fall_3579,0
no_fall_3580,0
no_fall_3581,0
no_fall_3582,0
no_fall_3583,0
no_fall_3584,0
no_fall_3585,0
no_fall_3586,0
no_fall_3587,0
no_fall_3588,0
no_fall_3589,0
no_fall_3590,0
no_fall_3591,0
no_fall_3592,0
no_fall_3593,0
no_fall_3594,0
no_fall_3595,0
no_fall_3596,0
no_fall_3597,0
no_fall_3598,0
no_fall_3599,0
no_fall_3600,0
no_fall_3601,0
no_fall_3602,0
no_fall_3603,0
no_fall_3604,0
no_fall_3605,0
no_fall_3606,0
no_fall_3607,0
no_fall_3608,0
no_fall_3609,0
no_fall_3610,0
no_fall_3611,0
no_fall_3612,0
no_fall_3613,0
no_fall_3614,0
no_fall_3615,0
no_fall_3616,0
no_fall_3617,0
no_fall_3618,0
no_fall_3619,0
no_fall_3620,0
no_fall_3621,0
no_fall_3622,0
no_fall_3623,0
no_fall_3624,0
no_fall_3625,0
no_fall_3626,0
no_fall_3627,0
no_fall_3628,0
no_fall_3629,0
no_fall_3630,0
no_fall_3631,0
no_fall_3632,0
no_fall_3633,0
no_fall_3634,0
no_fall_3635,0
no_fall_3636,0
no_fall_3637,0
no_fall_3638,0
no_fall_3639,0
no_fall_3640,0
no_fall_3641,0
no_fall_3642,0
no_fall_3643,0
no_fall_3644,0
no_fall_3645,0
no_fall_3646,0
no_fall_3647,0
no_fall_3648,0
no_fall_3649,0
no_fall_3650,0
no_fall_3651,0
no_fall_3652,0
no_fall_3653,0
no_fall_3654,0
no_fall_3655,0
no_fall_3656,0
no_fall_3657,0
no_fall_3658,0
no_fall_3659,0
no_fall_3660,0
no_fall_3661,0
no_fall_3662,0
no_fall_3663,0
no_fall_3664,0
no_fall_3665,0
no_fall_3666,0
no_fall_3667,0
no_fall_3668,0
no_fall_3669,0
no_fall_3670,0
no_fall_3671,0
no_fall_3672,0
no_fall_3673,0
no_fall_3674,0
no_fall_3675,0
no_fall_3676,0
no_fall_3677,0
no_fall_3678,0
no_fall_3679,0
no_fall_3680,0
no_fall_3681,0
no_fall_3682,0
no_fall_3683,0
no_fall_3684,0
no_fall_3685,0
no_fall_3686,0
no_fall_3687,0
no_fall_3688,0
no_fall_3689,0
no_fall_3690,0
no_fall_3691,0
no_fall_3692,0
no_fall_3693,0
no_fall_3694,0
no_fall_3695,0
no_fall_3696,0
no_fall_3697,0
no_fall_3698,0
no_fall_3699,0
no_fall_3700,0
no_fall_3701,0
no_fall_3702,0
no_fall_3703,0
no_fall_3704,0
no_fall_3705,0
no_fall_3706,0
no_fall_3707,0
no_fall_3708,0
no_fall_3709,0
no_fall_3710,0
no_fall_3711,0
no_fall_3712,0
no_fall_3713,0
no_fall_3714,0
no_fall_3715,0
no_fall_3716,0
no_fall_3717,0
no_fall_3718,0
no_fall_3719,0
no_fall_3720,0
no_fall_3721,0
no_fall_3722,0
no_fall_3723,0
no_fall_3724,0
no_fall_3725,0
no_fall_3726,0
no_fall_3727,0
no_fall_3728,0
no_fall_3729,0
no_fall_3730,0
no_fall_3731,0
no_fall_3732,0
no_fall_3733,0
no_fall_3734,0
no_fall_3735,0
no_fall_3736,0
no_fall_3737,0
no_fall_3738,0
no_fall_3739,0
no_fall_3740,0
no_fall_3741,0
no_fall_3742,0
no_fall_3743,0
no_fall_3744,0
no_fall_3745,0
no_fall_3746,0
no_fall_3747,0
no_fall_3748,0
no_fall_3749,0
no_fall_3750,0
no_fall_3751,0
no_fall_3752,0
no_fall_3753,0
no_fall_3754,0
no_fall_3755,0
no_fall_3756,0
no_fall_3757,0
no_fall_3758,0
no_fall_3759,0
no_fall_3760,0
no_fall_3761,0
no_fall_3762,0
no_fall_3763,0
no_fall_3764,0
no_fall_3765,0
no_fall_3766,0
no_fall_3767,0
no_fall_3768,0
no_fall_3769,0
no_fall_3770,0
no_fall_3771,0
no_fall_3772,0
no_fall_3773,0
no_fall_3774,0
no_fall_3775,0
no_fall_3776,0
no_fall_3777,0
no_fall_3778,0
no_fall_3779,0
no_fall_3780,0
no_fall_3781,0
no_fall_3782,0
no_fall_3783,0
no_fall_3784,0
no_fall_3785,0
no_fall_3786,0
no_fall_3787,0
no_fall_3788,0
no_fall_3789,0
no_fall_3790,0
no_fall_3791,0
no_fall_3792,0
no_fall_3793,0
no_fall_3794,0
no_fall_3795,0
no_fall_3796,0
no_fall_3797,0
no_fall_3798,0
no_fall_3799,0
no_fall_3800,0
no_fall_3801,0
no_fall_3802,0
no_fall_3803,0
no_fall_3804,0
no_fall_3805,0
no_fall_3806,0
no_fall_3807,0
no_fall_3808,0
no_fall_3809,0
no_fall_3810,0
no_fall_3811,0
